,name,height,wingspan,height_inches,wingspan_inches,relative
0,Quincy Acy,6' 6.5'',7' 2.75'',78.5,86.75,8.25
1,Harrison Barnes,6' 7'',6' 11.25'',79.0,83.25,4.25
2,Will Barton,6' 5'',6' 9.75'',77.0,81.75,4.75
3,Bradley Beal,6' 3.25'',6' 8'',75.25,80.0,4.75
4,J'Covan Brown,6' 1'',6' 5.25'',73.0,77.25,4.25
5,William Buford,6' 4'',6' 9.5'',76.0,81.5,5.5
6,Jae Crowder,6' 4.75'',6' 9.25'',76.75,81.25,4.5
7,Jared Cunningham,6' 3.5'',6' 6.5'',75.5,78.5,3.0
8,Anthony Davis,6' 9.25'',7' 5.5'',81.25,89.5,8.25
9,Marcus Denmon,6' 2.25'',6' 5'',74.25,77.0,2.75
10,Andre Drummond,6' 9.75'',7' 6.25'',81.75,90.25,8.5
11,Kim English,6' 4.5'',6' 6.5'',76.5,78.5,2.0
12,Festus Ezeli,6' 9.75'',7' 5.75'',81.75,89.75,8.0
13,Drew Gordon,6' 8'',6' 11.5'',80.0,83.5,3.5
14,Draymond Green,6' 5.75'',7' 1.25'',77.75,85.25,7.5
15,JaMychal Green,6' 8'',7' 2.25'',80.0,86.25,6.25
16,Maurice Harkless,6' 7.25'',7' 0'',79.25,84.0,4.75
17,John Henson,6' 9'',7' 5'',81.0,89.0,8.0
18,Tu Holloway,5' 10.5'',6' 5.5'',70.5,77.5,7.0
19,Robbie Hummel,6' 7.25'',6' 8.5'',79.25,80.5,1.25
20,Bernard James,6' 8.75'',7' 3'',80.75,87.0,6.25
21,John Jenkins,6' 3.25'',6' 8.5'',75.25,80.5,5.25
22,Orlando Johnson,6' 3.75'',6' 11.25'',75.75,83.25,7.5
23,Darius Johnson-Odom,6' 1.5'',6' 7'',73.5,79.0,5.5
24,Terrence Jones,6' 8.25'',7' 2.25'',80.25,86.25,6.0
25,Perry Jones,6' 10.25'',7' 1.75'',82.25,85.75,3.5
26,Kevin Jones,6' 6.25'',7' 1.5'',78.25,85.5,7.25
27,Kris Joseph,6' 6'',6' 11'',78.0,83.0,5.0
28,Michael Kidd-Gilchrist,6' 5.75'',7' 0'',77.75,84.0,6.25
29,Jeremy Lamb,6' 4'',6' 11'',76.0,83.0,7.0
30,Doron Lamb,6' 3.25'',6' 6.75'',75.25,78.75,3.5
31,Meyers Leonard,6' 11.75'',7' 3'',83.75,87.0,3.25
32,Damian Lillard,6' 1.75'',6' 7.75'',73.75,79.75,6.0
33,Scott Machado,6' 1'',6' 4'',73.0,76.0,3.0
34,Kendall Marshall,6' 3.25'',6' 5.5'',75.25,77.5,2.25
35,Fab Melo,6' 10.75'',7' 2.5'',82.75,86.5,3.75
36,Khris Middleton,6' 6.75'',6' 10.75'',78.75,82.75,4.0
37,Quincy Miller,6' 8.75'',7' 1.25'',80.75,85.25,4.5
38,Darius Miller,6' 6'',6' 9'',78.0,81.0,3.0
39,Tony Mitchell,6' 5.25'',6' 10'',77.25,82.0,4.75
40,Arnett Moultrie,6' 9.5'',7' 2.25'',81.5,86.25,4.75
41,Kevin Murphy,6' 5'',6' 6.75'',77.0,78.75,1.75
42,Andrew Nicholson,6' 8.5'',7' 4'',80.5,88.0,7.5
43,Kyle O'Quinn,6' 8.5'',7' 4.75'',80.5,88.75,8.25
44,Miles Plumlee,6' 10.5'',7' 0.75'',82.5,84.75,2.25
45,Austin Rivers,6' 3.5'',6' 7.25'',75.5,79.25,3.75
46,Thomas Robinson,6' 7.75'',7' 3.25'',79.75,87.25,7.5
47,Terrence Ross,6' 6'',6' 7.25'',78.0,79.25,1.25
48,Tomas Satoransky,6' 6.5'',6' 7.25'',78.5,79.25,0.75
49,Mike Scott,6' 7.25'',6' 10.75'',79.25,82.75,3.5
50,Henry Sims,6' 10'',7' 4'',82.0,88.0,6.0
51,Jared Sullinger,6' 7.75'',7' 1.25'',79.75,85.25,5.5
52,Jordan Taylor,6' 1'',6' 3'',73.0,75.0,2.0
53,Jeff Taylor,6' 6'',6' 6.25'',78.0,78.25,0.25
54,Tyshawn Taylor,6' 2.75'',6' 6.25'',74.75,78.25,3.5
55,Marquis Teague,6' 1'',6' 7.25'',73.0,79.25,6.25
56,Hollis Thompson,6' 6.75'',6' 9.5'',78.75,81.5,2.75
57,Dion Waiters,6' 2.5'',6' 7.25'',74.5,79.25,4.75
58,Royce White,6' 7'',7' 0'',79.0,84.0,5.0
59,Tony Wroten,6' 4.75'',6' 9'',76.75,81.0,4.25
60,Tyler Zeller,6' 11.25'',7' 0'',83.25,84.0,0.75
61,Tony Allen,6' 3.5'',6' 9'',75.5,81.0,5.5
62,Trevor Ariza,6' 7'',7' 2'',79.0,86.0,7.0
63,Andre Barrett,5' 8.75'',6' 1'',68.75,73.0,4.25
64,Brandon Bass,6' 6.25'',7' 2.5'',78.25,86.5,8.25
66,Tony Bobbitt,6' 2.75'',6' 7'',74.75,79.0,4.25
67,Brian Boddicker,6' 7.5'',6' 10'',79.5,82.0,2.5
68,Tim Bowers,6' 0.5'',6' 9'',72.5,81.0,8.5
69,Andre Brown,6' 8'',6' 11'',80.0,83.0,3.0
70,Antonio Burks,6' 0'',6' 6.5'',72.0,78.5,6.5
71,Jackie Butler,6' 8'',7' 1.5'',80.0,85.5,5.5
72,Aleksandar Capin,6' 0'',6' 1.5'',72.0,73.5,1.5
73,Ales Chan,7' 0'',7' 3'',84.0,87.0,3.0
74,Josh Childress,6' 5.75'',6' 11'',77.75,83.0,5.25
75,TJ Cummings,6' 7.5'',6' 9.5'',79.5,81.5,2.0
76,Erik Daniels,6' 6.25'',6' 11'',78.25,83.0,4.75
77,Luol Deng,6' 7'',7' 0.5'',79.0,84.5,5.5
78,Marcus Douthit,6' 9.5'',7' 4'',81.5,88.0,6.5
79,Chris Duhon,6' 0'',6' 6.5'',72.0,78.5,6.5
80,John Edwards,6' 11.25'',7' 4.5'',83.25,88.5,5.25
81,Andre Emmett,6' 3.5'',6' 9'',75.5,81.0,5.5
82,Desmon Farmer,6' 4.5'',6' 8.5'',76.5,80.5,4.0
83,Luis Flores,6' 0.5'',6' 7.5'',72.5,79.5,7.0
84,Matt Freije,6' 8.25'',7' 1'',80.25,85.0,4.75
85,Chris Garnett,6' 8.25'',7' 1'',80.25,85.0,4.75
86,Ryan Gomes,6' 6.5'',7' 2'',78.5,86.0,7.5
87,Ben Gordon,6' 1'',6' 8.5'',73.0,80.5,7.5
88,Devin Harris,6' 1.75'',6' 7.5'',73.75,79.5,5.75
89,Dwight Howard,6' 9'',7' 4.5'',81.0,88.5,7.5
90,Rolando Howell,6' 7.5'',7' 0.5'',79.5,84.5,5.0
91,Kris Humphries,6' 8.25'',7' 0.5'',80.25,84.5,4.25
92,Andre Iguodala,6' 5.75'',6' 11'',77.75,83.0,5.25
93,Martin Iti,6' 8.5'',7' 5'',80.5,89.0,8.5
94,Luke Jackson,6' 6'',6' 8.5'',78.0,80.5,2.5
95,Al Jefferson,6' 8.5'',7' 2.5'',80.5,86.5,6.0
96,Arthur Johnson,6' 7'',7' 3'',79.0,87.0,8.0
97,Ivan Koljevic,6' 1'',6' 2.5'',73.0,74.5,1.5
98,Herve Lamizana,6' 7.5'',7' 1.5'',79.5,85.5,6.0
99,Sergei Lishouk,6' 10.25'',7' 0'',82.25,84.0,1.75
100,Shaun Livingston,6' 6.25'',6' 11'',78.25,83.0,4.75
101,Jaime Lloreda,6' 6.75'',6' 9.5'',78.75,81.5,2.75
102,Bryant Matthews,6' 5.75'',7' 0.5'',77.75,84.5,6.75
103,Marcus Melvin,6' 6.75'',7' 0'',78.75,84.0,5.25
104,Rich Melzer,6' 7.5'',7' 2'',79.5,86.0,6.5
105,Ricky Minard,6' 3.25'',6' 7'',75.25,79.0,3.75
106,James Moore,6' 6.5'',7' 0.5'',78.5,84.5,6.0
107,Marcus Moore,6' 4'',6' 9'',76.0,81.0,5.0
108,Michel Morandais,6' 3.75'',6' 11.5'',75.75,83.5,7.75
109,Jameer Nelson,5' 11'',6' 2.5'',71.0,74.5,3.5
110,Misan Nikagbatse,6' 3.5'',6' 10'',75.5,82.0,6.5
111,Emeka Okafor,6' 8.75'',7' 4'',80.75,88.0,7.25
112,Randall Orr,6' 9'',6' 10.5'',81.0,82.5,1.5
113,Dylan Page,6' 7.5'',6' 7'',79.5,79.0,-0.5
114,Drago Pasalic,6' 9.25'',6' 11.5'',81.25,83.5,2.25
115,Rickey Paulding,6' 2.75'',6' 9.5'',74.75,81.5,6.75
116,Kelvin Pena,6' 2.25'',6' 6.5'',74.25,78.5,4.25
117,Tim Pickett,6' 3'',6' 7.5'',75.0,79.5,4.5
118,Omar Quintero,5' 9.75'',5' 11.5'',69.75,71.5,1.75
119,Peter Ramos,7' 1.75'',7' 5.5'',85.75,89.5,3.75
120,Jared Reiner,6' 10'',7' 0.5'',82.0,84.5,2.5
121,Lawrence Roberts,6' 7.5'',6' 9.5'',79.5,81.5,2.0
122,Bernard Robinson,6' 5.25'',6' 10'',77.25,82.0,4.75
123,Nate Robinson,5' 7.75'',6' 1'',67.75,73.0,5.25
124,Aerick Sanders,6' 6.5'',6' 11.5'',78.5,83.5,5.0
125,Romain Sato,6' 2'',6' 11'',74.0,83.0,9.0
126,Blagota Sekulic,6' 9.25'',6' 11'',81.25,83.0,1.75
127,Josh Smith,6' 7'',7' 0'',79.0,84.0,5.0
128,J.R. Smith,6' 5.5'',6' 10'',77.5,82.0,4.5
129,Kirk Snyder,6' 6'',6' 9'',78.0,81.0,3.0
130,Pape Sow,6' 8.5'',7' 2'',80.5,86.0,5.5
131,Tiago Splitter,6' 10.25'',7' 2'',82.25,86.0,3.75
133,Tom Timmerrmans,6' 10.5'',6' 11'',82.5,83.0,0.5
134,Marko Tomas,6' 6.5'',6' 7'',78.5,79.0,0.5
135,Beno Udrih,6' 2.5'',6' 4.5'',74.5,76.5,2.0
136,Jackson Vroman,6' 9.25'',7' 0'',81.25,84.0,2.75
137,Delonte West,6' 1.5'',6' 6'',73.5,78.0,4.5
138,Damien Wilkins,6' 4.5'',7' 0'',76.5,84.0,7.5
139,Mike Williams,6' 5.5'',6' 11.5'',77.5,83.5,6.0
140,Nate Williams,6' 8.5'',7' 1.5'',80.5,85.5,5.0
141,Rashad Wright,6' 0.5'',6' 10'',72.5,82.0,9.5
142,Quincy Acy,6' 6.5'',7' 2.75'',78.5,86.75,8.25
143,Harrison Barnes,6' 7'',6' 11.25'',79.0,83.25,4.25
144,Will Barton,6' 5'',6' 9.75'',77.0,81.75,4.75
145,Bradley Beal,6' 3.25'',6' 8'',75.25,80.0,4.75
146,J'Covan Brown,6' 1'',6' 5.25'',73.0,77.25,4.25
147,William Buford,6' 4'',6' 9.5'',76.0,81.5,5.5
148,Jae Crowder,6' 4.75'',6' 9.25'',76.75,81.25,4.5
149,Jared Cunningham,6' 3.5'',6' 6.5'',75.5,78.5,3.0
150,Anthony Davis,6' 9.25'',7' 5.5'',81.25,89.5,8.25
151,Marcus Denmon,6' 2.25'',6' 5'',74.25,77.0,2.75
152,Andre Drummond,6' 9.75'',7' 6.25'',81.75,90.25,8.5
153,Kim English,6' 4.5'',6' 6.5'',76.5,78.5,2.0
154,Festus Ezeli,6' 9.75'',7' 5.75'',81.75,89.75,8.0
155,Drew Gordon,6' 8'',6' 11.5'',80.0,83.5,3.5
156,Draymond Green,6' 5.75'',7' 1.25'',77.75,85.25,7.5
157,JaMychal Green,6' 8'',7' 2.25'',80.0,86.25,6.25
158,Maurice Harkless,6' 7.25'',7' 0'',79.25,84.0,4.75
159,John Henson,6' 9'',7' 5'',81.0,89.0,8.0
160,Tu Holloway,5' 10.5'',6' 5.5'',70.5,77.5,7.0
161,Robbie Hummel,6' 7.25'',6' 8.5'',79.25,80.5,1.25
162,Bernard James,6' 8.75'',7' 3'',80.75,87.0,6.25
163,John Jenkins,6' 3.25'',6' 8.5'',75.25,80.5,5.25
164,Orlando Johnson,6' 3.75'',6' 11.25'',75.75,83.25,7.5
165,Darius Johnson-Odom,6' 1.5'',6' 7'',73.5,79.0,5.5
166,Terrence Jones,6' 8.25'',7' 2.25'',80.25,86.25,6.0
167,Perry Jones,6' 10.25'',7' 1.75'',82.25,85.75,3.5
168,Kevin Jones,6' 6.25'',7' 1.5'',78.25,85.5,7.25
169,Kris Joseph,6' 6'',6' 11'',78.0,83.0,5.0
170,Michael Kidd-Gilchrist,6' 5.75'',7' 0'',77.75,84.0,6.25
171,Jeremy Lamb,6' 4'',6' 11'',76.0,83.0,7.0
172,Doron Lamb,6' 3.25'',6' 6.75'',75.25,78.75,3.5
173,Meyers Leonard,6' 11.75'',7' 3'',83.75,87.0,3.25
174,Damian Lillard,6' 1.75'',6' 7.75'',73.75,79.75,6.0
175,Scott Machado,6' 1'',6' 4'',73.0,76.0,3.0
176,Kendall Marshall,6' 3.25'',6' 5.5'',75.25,77.5,2.25
177,Fab Melo,6' 10.75'',7' 2.5'',82.75,86.5,3.75
178,Khris Middleton,6' 6.75'',6' 10.75'',78.75,82.75,4.0
179,Quincy Miller,6' 8.75'',7' 1.25'',80.75,85.25,4.5
180,Darius Miller,6' 6'',6' 9'',78.0,81.0,3.0
181,Tony Mitchell,6' 5.25'',6' 10'',77.25,82.0,4.75
182,Arnett Moultrie,6' 9.5'',7' 2.25'',81.5,86.25,4.75
183,Kevin Murphy,6' 5'',6' 6.75'',77.0,78.75,1.75
184,Andrew Nicholson,6' 8.5'',7' 4'',80.5,88.0,7.5
185,Kyle O'Quinn,6' 8.5'',7' 4.75'',80.5,88.75,8.25
186,Miles Plumlee,6' 10.5'',7' 0.75'',82.5,84.75,2.25
187,Austin Rivers,6' 3.5'',6' 7.25'',75.5,79.25,3.75
188,Thomas Robinson,6' 7.75'',7' 3.25'',79.75,87.25,7.5
189,Terrence Ross,6' 6'',6' 7.25'',78.0,79.25,1.25
190,Tomas Satoransky,6' 6.5'',6' 7.25'',78.5,79.25,0.75
191,Mike Scott,6' 7.25'',6' 10.75'',79.25,82.75,3.5
192,Henry Sims,6' 10'',7' 4'',82.0,88.0,6.0
193,Jared Sullinger,6' 7.75'',7' 1.25'',79.75,85.25,5.5
194,Jordan Taylor,6' 1'',6' 3'',73.0,75.0,2.0
195,Jeff Taylor,6' 6'',6' 6.25'',78.0,78.25,0.25
196,Tyshawn Taylor,6' 2.75'',6' 6.25'',74.75,78.25,3.5
197,Marquis Teague,6' 1'',6' 7.25'',73.0,79.25,6.25
198,Hollis Thompson,6' 6.75'',6' 9.5'',78.75,81.5,2.75
199,Dion Waiters,6' 2.5'',6' 7.25'',74.5,79.25,4.75
200,Royce White,6' 7'',7' 0'',79.0,84.0,5.0
201,Tony Wroten,6' 4.75'',6' 9'',76.75,81.0,4.25
202,Tyler Zeller,6' 11.25'',7' 0'',83.25,84.0,0.75
203,Keith Benson,6' 10'',7' 3.75'',82.0,87.75,5.75
204,Marshon Brooks,6' 4.25'',7' 1'',76.25,85.0,8.75
205,Alec Burks,6' 5'',6' 10'',77.0,82.0,5.0
206,Jimmy Butler,6' 6'',6' 7.5'',78.0,79.5,1.5
207,Norris Cole,6' 0.25'',6' 2.25'',72.25,74.25,2.0
208,Jon Diebler,6' 5.25'',6' 6'',77.25,78.0,0.75
209,Michael Dunigan,6' 8.5'',7' 3.25'',80.5,87.25,6.75
210,LaceDarius Dunn,6' 3'',6' 6.25'',75.0,78.25,3.25
211,Kenneth Faried,6' 6'',7' 0'',78.0,84.0,6.0
212,James Fredette,6' 0.75'',6' 4.5'',72.75,76.5,3.75
213,Andrew Goudelock,6' 1.25'',6' 4.25'',73.25,76.25,3.0
214,Jordan Hamilton,6' 6.75'',6' 9.5'',78.75,81.5,2.75
215,Justin Harper,6' 8'',6' 11.75'',80.0,83.75,3.75
216,Tobias Harris,6' 6.5'',6' 11'',78.5,83.0,4.5
217,Tyler Honeycutt,6' 6.75'',6' 9'',78.75,81.0,2.25
218,Scotty Hopson,6' 5.75'',6' 10.5'',77.75,82.5,4.75
219,Kyrie Irving,6' 1.75'',6' 4'',73.75,76.0,2.25
220,Rick Jackson,6' 8.25'',7' 2'',80.25,86.0,5.75
221,Charles Jenkins,6' 1.5'',6' 7.5'',73.5,79.5,6.0
222,JaJuan Johnson,6' 9'',7' 2'',81.0,86.0,5.0
223,Cory Joseph,6' 2'',6' 5.5'',74.0,77.5,3.5
224,Enes Kanter,6' 9.75'',7' 1.5'',81.75,85.5,3.75
225,Brandon Knight,6' 1.5'',6' 6.75'',73.5,78.75,5.25
226,Malcolm Lee,6' 4'',6' 9.75'',76.0,81.75,5.75
227,Kawhi Leonard,6' 6'',7' 3'',78.0,87.0,9.0
228,Travis Leslie,6' 3'',6' 10.5'',75.0,82.5,7.5
229,Jon Leuer,6' 10'',7' 0'',82.0,84.0,2.0
230,DeAndre Liggins,6' 5'',6' 11'',77.0,83.0,6.0
231,David Lighty,6' 4.75'',6' 8'',76.75,80.0,3.25
232,Shelvin Mack,6' 1'',6' 7.5'',73.0,79.5,6.5
233,Demetri McCamey,6' 1.75'',6' 6.25'',73.75,78.25,4.5
234,E'Twaun Moore,6' 2.5'',6' 9.5'',74.5,81.5,7.0
235,Markieff Morris,6' 7.75'',6' 10.75'',79.75,82.75,3.0
236,Marcus Morris,6' 7'',6' 10'',79.0,82.0,3.0
237,Darius Morris,6' 3.25'',6' 7.5'',75.25,79.5,4.25
238,Chandler Parsons,6' 8.75'',6' 9.5'',80.75,81.5,0.75
239,Jereme Richmond,6' 6'',6' 10.25'',78.0,82.25,4.25
240,Josh Selby,6' 1.75'',6' 5.25'',73.75,77.25,3.5
241,Iman Shumpert,6' 4.25'',6' 9.5'',76.25,81.5,5.25
242,Kyle Singler,6' 7.5'',6' 10.1'',79.5,82.1,2.5999999999999943
243,Chris Singleton,6' 7.75'',7' 1'',79.75,85.0,5.25
244,Jamie Skeen,6' 6.5'',7' 1.25'',78.5,85.25,6.75
245,Gregory Smith,6' 8'',7' 2.5'',80.0,86.5,6.5
246,Nolan Smith,6' 1.5'',6' 5.5'',73.5,77.5,4.0
247,Malcolm Thomas,6' 7.5'',7' 0.5'',79.5,84.5,5.0
248,Isaiah Thomas,5' 8.75'',6' 1.75'',68.75,73.75,5.0
249,Trey Thompkins,6' 8.5'',7' 1'',80.5,85.0,4.5
250,Tristan Thompson,6' 7.5'',7' 1.25'',79.5,85.25,5.75
251,Klay Thompson,6' 5.75'',6' 9'',77.75,81.0,3.25
252,Jeremy Tyler,6' 9'',7' 5'',81.0,89.0,8.0
253,Nikola Vucevic,6' 10.25'',7' 4.5'',82.25,88.5,6.25
254,Kemba Walker,5' 11.5'',6' 3.5'',71.5,75.5,4.0
255,Derrick Williams,6' 7.25'',7' 1.5'',79.25,85.5,6.25
256,Jordan Williams,6' 7.75'',7' 0.25'',79.75,84.25,4.5
257,Quincy Acy,6' 6.5'',7' 2.75'',78.5,86.75,8.25
258,Harrison Barnes,6' 7'',6' 11.25'',79.0,83.25,4.25
259,Will Barton,6' 5'',6' 9.75'',77.0,81.75,4.75
260,Bradley Beal,6' 3.25'',6' 8'',75.25,80.0,4.75
261,J'Covan Brown,6' 1'',6' 5.25'',73.0,77.25,4.25
262,William Buford,6' 4'',6' 9.5'',76.0,81.5,5.5
263,Jae Crowder,6' 4.75'',6' 9.25'',76.75,81.25,4.5
264,Jared Cunningham,6' 3.5'',6' 6.5'',75.5,78.5,3.0
265,Anthony Davis,6' 9.25'',7' 5.5'',81.25,89.5,8.25
266,Marcus Denmon,6' 2.25'',6' 5'',74.25,77.0,2.75
267,Andre Drummond,6' 9.75'',7' 6.25'',81.75,90.25,8.5
268,Kim English,6' 4.5'',6' 6.5'',76.5,78.5,2.0
269,Festus Ezeli,6' 9.75'',7' 5.75'',81.75,89.75,8.0
270,Drew Gordon,6' 8'',6' 11.5'',80.0,83.5,3.5
271,Draymond Green,6' 5.75'',7' 1.25'',77.75,85.25,7.5
272,JaMychal Green,6' 8'',7' 2.25'',80.0,86.25,6.25
273,Maurice Harkless,6' 7.25'',7' 0'',79.25,84.0,4.75
274,John Henson,6' 9'',7' 5'',81.0,89.0,8.0
275,Tu Holloway,5' 10.5'',6' 5.5'',70.5,77.5,7.0
276,Robbie Hummel,6' 7.25'',6' 8.5'',79.25,80.5,1.25
277,Bernard James,6' 8.75'',7' 3'',80.75,87.0,6.25
278,John Jenkins,6' 3.25'',6' 8.5'',75.25,80.5,5.25
279,Orlando Johnson,6' 3.75'',6' 11.25'',75.75,83.25,7.5
280,Darius Johnson-Odom,6' 1.5'',6' 7'',73.5,79.0,5.5
281,Terrence Jones,6' 8.25'',7' 2.25'',80.25,86.25,6.0
282,Perry Jones,6' 10.25'',7' 1.75'',82.25,85.75,3.5
283,Kevin Jones,6' 6.25'',7' 1.5'',78.25,85.5,7.25
284,Kris Joseph,6' 6'',6' 11'',78.0,83.0,5.0
285,Michael Kidd-Gilchrist,6' 5.75'',7' 0'',77.75,84.0,6.25
286,Jeremy Lamb,6' 4'',6' 11'',76.0,83.0,7.0
287,Doron Lamb,6' 3.25'',6' 6.75'',75.25,78.75,3.5
288,Meyers Leonard,6' 11.75'',7' 3'',83.75,87.0,3.25
289,Damian Lillard,6' 1.75'',6' 7.75'',73.75,79.75,6.0
290,Scott Machado,6' 1'',6' 4'',73.0,76.0,3.0
291,Kendall Marshall,6' 3.25'',6' 5.5'',75.25,77.5,2.25
292,Fab Melo,6' 10.75'',7' 2.5'',82.75,86.5,3.75
293,Khris Middleton,6' 6.75'',6' 10.75'',78.75,82.75,4.0
294,Quincy Miller,6' 8.75'',7' 1.25'',80.75,85.25,4.5
295,Darius Miller,6' 6'',6' 9'',78.0,81.0,3.0
296,Tony Mitchell,6' 5.25'',6' 10'',77.25,82.0,4.75
297,Arnett Moultrie,6' 9.5'',7' 2.25'',81.5,86.25,4.75
298,Kevin Murphy,6' 5'',6' 6.75'',77.0,78.75,1.75
299,Andrew Nicholson,6' 8.5'',7' 4'',80.5,88.0,7.5
300,Kyle O'Quinn,6' 8.5'',7' 4.75'',80.5,88.75,8.25
301,Miles Plumlee,6' 10.5'',7' 0.75'',82.5,84.75,2.25
302,Austin Rivers,6' 3.5'',6' 7.25'',75.5,79.25,3.75
303,Thomas Robinson,6' 7.75'',7' 3.25'',79.75,87.25,7.5
304,Terrence Ross,6' 6'',6' 7.25'',78.0,79.25,1.25
305,Tomas Satoransky,6' 6.5'',6' 7.25'',78.5,79.25,0.75
306,Mike Scott,6' 7.25'',6' 10.75'',79.25,82.75,3.5
307,Henry Sims,6' 10'',7' 4'',82.0,88.0,6.0
308,Jared Sullinger,6' 7.75'',7' 1.25'',79.75,85.25,5.5
309,Jordan Taylor,6' 1'',6' 3'',73.0,75.0,2.0
310,Jeff Taylor,6' 6'',6' 6.25'',78.0,78.25,0.25
311,Tyshawn Taylor,6' 2.75'',6' 6.25'',74.75,78.25,3.5
312,Marquis Teague,6' 1'',6' 7.25'',73.0,79.25,6.25
313,Hollis Thompson,6' 6.75'',6' 9.5'',78.75,81.5,2.75
314,Dion Waiters,6' 2.5'',6' 7.25'',74.5,79.25,4.75
315,Royce White,6' 7'',7' 0'',79.0,84.0,5.0
316,Tony Wroten,6' 4.75'',6' 9'',76.75,81.0,4.25
317,Tyler Zeller,6' 11.25'',7' 0'',83.25,84.0,0.75
318,Quincy Acy,6' 6.5'',7' 2.75'',78.5,86.75,8.25
319,Harrison Barnes,6' 7'',6' 11.25'',79.0,83.25,4.25
320,Will Barton,6' 5'',6' 9.75'',77.0,81.75,4.75
321,Bradley Beal,6' 3.25'',6' 8'',75.25,80.0,4.75
322,J'Covan Brown,6' 1'',6' 5.25'',73.0,77.25,4.25
323,William Buford,6' 4'',6' 9.5'',76.0,81.5,5.5
324,Jae Crowder,6' 4.75'',6' 9.25'',76.75,81.25,4.5
325,Jared Cunningham,6' 3.5'',6' 6.5'',75.5,78.5,3.0
326,Anthony Davis,6' 9.25'',7' 5.5'',81.25,89.5,8.25
327,Marcus Denmon,6' 2.25'',6' 5'',74.25,77.0,2.75
328,Andre Drummond,6' 9.75'',7' 6.25'',81.75,90.25,8.5
329,Kim English,6' 4.5'',6' 6.5'',76.5,78.5,2.0
330,Festus Ezeli,6' 9.75'',7' 5.75'',81.75,89.75,8.0
331,Drew Gordon,6' 8'',6' 11.5'',80.0,83.5,3.5
332,Draymond Green,6' 5.75'',7' 1.25'',77.75,85.25,7.5
333,JaMychal Green,6' 8'',7' 2.25'',80.0,86.25,6.25
334,Maurice Harkless,6' 7.25'',7' 0'',79.25,84.0,4.75
335,John Henson,6' 9'',7' 5'',81.0,89.0,8.0
336,Tu Holloway,5' 10.5'',6' 5.5'',70.5,77.5,7.0
337,Robbie Hummel,6' 7.25'',6' 8.5'',79.25,80.5,1.25
338,Bernard James,6' 8.75'',7' 3'',80.75,87.0,6.25
339,John Jenkins,6' 3.25'',6' 8.5'',75.25,80.5,5.25
340,Orlando Johnson,6' 3.75'',6' 11.25'',75.75,83.25,7.5
341,Darius Johnson-Odom,6' 1.5'',6' 7'',73.5,79.0,5.5
342,Terrence Jones,6' 8.25'',7' 2.25'',80.25,86.25,6.0
343,Perry Jones,6' 10.25'',7' 1.75'',82.25,85.75,3.5
344,Kevin Jones,6' 6.25'',7' 1.5'',78.25,85.5,7.25
345,Kris Joseph,6' 6'',6' 11'',78.0,83.0,5.0
346,Michael Kidd-Gilchrist,6' 5.75'',7' 0'',77.75,84.0,6.25
347,Jeremy Lamb,6' 4'',6' 11'',76.0,83.0,7.0
348,Doron Lamb,6' 3.25'',6' 6.75'',75.25,78.75,3.5
349,Meyers Leonard,6' 11.75'',7' 3'',83.75,87.0,3.25
350,Damian Lillard,6' 1.75'',6' 7.75'',73.75,79.75,6.0
351,Scott Machado,6' 1'',6' 4'',73.0,76.0,3.0
352,Kendall Marshall,6' 3.25'',6' 5.5'',75.25,77.5,2.25
353,Fab Melo,6' 10.75'',7' 2.5'',82.75,86.5,3.75
354,Khris Middleton,6' 6.75'',6' 10.75'',78.75,82.75,4.0
355,Quincy Miller,6' 8.75'',7' 1.25'',80.75,85.25,4.5
356,Darius Miller,6' 6'',6' 9'',78.0,81.0,3.0
357,Tony Mitchell,6' 5.25'',6' 10'',77.25,82.0,4.75
358,Arnett Moultrie,6' 9.5'',7' 2.25'',81.5,86.25,4.75
359,Kevin Murphy,6' 5'',6' 6.75'',77.0,78.75,1.75
360,Andrew Nicholson,6' 8.5'',7' 4'',80.5,88.0,7.5
361,Kyle O'Quinn,6' 8.5'',7' 4.75'',80.5,88.75,8.25
362,Miles Plumlee,6' 10.5'',7' 0.75'',82.5,84.75,2.25
363,Austin Rivers,6' 3.5'',6' 7.25'',75.5,79.25,3.75
364,Thomas Robinson,6' 7.75'',7' 3.25'',79.75,87.25,7.5
365,Terrence Ross,6' 6'',6' 7.25'',78.0,79.25,1.25
366,Tomas Satoransky,6' 6.5'',6' 7.25'',78.5,79.25,0.75
367,Mike Scott,6' 7.25'',6' 10.75'',79.25,82.75,3.5
368,Henry Sims,6' 10'',7' 4'',82.0,88.0,6.0
369,Jared Sullinger,6' 7.75'',7' 1.25'',79.75,85.25,5.5
370,Jordan Taylor,6' 1'',6' 3'',73.0,75.0,2.0
371,Jeff Taylor,6' 6'',6' 6.25'',78.0,78.25,0.25
372,Tyshawn Taylor,6' 2.75'',6' 6.25'',74.75,78.25,3.5
373,Marquis Teague,6' 1'',6' 7.25'',73.0,79.25,6.25
374,Hollis Thompson,6' 6.75'',6' 9.5'',78.75,81.5,2.75
375,Dion Waiters,6' 2.5'',6' 7.25'',74.5,79.25,4.75
376,Royce White,6' 7'',7' 0'',79.0,84.0,5.0
377,Tony Wroten,6' 4.75'',6' 9'',76.75,81.0,4.25
378,Tyler Zeller,6' 11.25'',7' 0'',83.25,84.0,0.75
379,Quincy Acy,6' 6.5'',7' 2.75'',78.5,86.75,8.25
380,Harrison Barnes,6' 7'',6' 11.25'',79.0,83.25,4.25
381,Will Barton,6' 5'',6' 9.75'',77.0,81.75,4.75
382,Bradley Beal,6' 3.25'',6' 8'',75.25,80.0,4.75
383,J'Covan Brown,6' 1'',6' 5.25'',73.0,77.25,4.25
384,William Buford,6' 4'',6' 9.5'',76.0,81.5,5.5
385,Jae Crowder,6' 4.75'',6' 9.25'',76.75,81.25,4.5
386,Jared Cunningham,6' 3.5'',6' 6.5'',75.5,78.5,3.0
387,Anthony Davis,6' 9.25'',7' 5.5'',81.25,89.5,8.25
388,Marcus Denmon,6' 2.25'',6' 5'',74.25,77.0,2.75
389,Andre Drummond,6' 9.75'',7' 6.25'',81.75,90.25,8.5
390,Kim English,6' 4.5'',6' 6.5'',76.5,78.5,2.0
391,Festus Ezeli,6' 9.75'',7' 5.75'',81.75,89.75,8.0
392,Drew Gordon,6' 8'',6' 11.5'',80.0,83.5,3.5
393,Draymond Green,6' 5.75'',7' 1.25'',77.75,85.25,7.5
394,JaMychal Green,6' 8'',7' 2.25'',80.0,86.25,6.25
395,Maurice Harkless,6' 7.25'',7' 0'',79.25,84.0,4.75
396,John Henson,6' 9'',7' 5'',81.0,89.0,8.0
397,Tu Holloway,5' 10.5'',6' 5.5'',70.5,77.5,7.0
398,Robbie Hummel,6' 7.25'',6' 8.5'',79.25,80.5,1.25
399,Bernard James,6' 8.75'',7' 3'',80.75,87.0,6.25
400,John Jenkins,6' 3.25'',6' 8.5'',75.25,80.5,5.25
401,Orlando Johnson,6' 3.75'',6' 11.25'',75.75,83.25,7.5
402,Darius Johnson-Odom,6' 1.5'',6' 7'',73.5,79.0,5.5
403,Terrence Jones,6' 8.25'',7' 2.25'',80.25,86.25,6.0
404,Perry Jones,6' 10.25'',7' 1.75'',82.25,85.75,3.5
405,Kevin Jones,6' 6.25'',7' 1.5'',78.25,85.5,7.25
406,Kris Joseph,6' 6'',6' 11'',78.0,83.0,5.0
407,Michael Kidd-Gilchrist,6' 5.75'',7' 0'',77.75,84.0,6.25
408,Jeremy Lamb,6' 4'',6' 11'',76.0,83.0,7.0
409,Doron Lamb,6' 3.25'',6' 6.75'',75.25,78.75,3.5
410,Meyers Leonard,6' 11.75'',7' 3'',83.75,87.0,3.25
411,Damian Lillard,6' 1.75'',6' 7.75'',73.75,79.75,6.0
412,Scott Machado,6' 1'',6' 4'',73.0,76.0,3.0
413,Kendall Marshall,6' 3.25'',6' 5.5'',75.25,77.5,2.25
414,Fab Melo,6' 10.75'',7' 2.5'',82.75,86.5,3.75
415,Khris Middleton,6' 6.75'',6' 10.75'',78.75,82.75,4.0
416,Quincy Miller,6' 8.75'',7' 1.25'',80.75,85.25,4.5
417,Darius Miller,6' 6'',6' 9'',78.0,81.0,3.0
418,Tony Mitchell,6' 5.25'',6' 10'',77.25,82.0,4.75
419,Arnett Moultrie,6' 9.5'',7' 2.25'',81.5,86.25,4.75
420,Kevin Murphy,6' 5'',6' 6.75'',77.0,78.75,1.75
421,Andrew Nicholson,6' 8.5'',7' 4'',80.5,88.0,7.5
422,Kyle O'Quinn,6' 8.5'',7' 4.75'',80.5,88.75,8.25
423,Miles Plumlee,6' 10.5'',7' 0.75'',82.5,84.75,2.25
424,Austin Rivers,6' 3.5'',6' 7.25'',75.5,79.25,3.75
425,Thomas Robinson,6' 7.75'',7' 3.25'',79.75,87.25,7.5
426,Terrence Ross,6' 6'',6' 7.25'',78.0,79.25,1.25
427,Tomas Satoransky,6' 6.5'',6' 7.25'',78.5,79.25,0.75
428,Mike Scott,6' 7.25'',6' 10.75'',79.25,82.75,3.5
429,Henry Sims,6' 10'',7' 4'',82.0,88.0,6.0
430,Jared Sullinger,6' 7.75'',7' 1.25'',79.75,85.25,5.5
431,Jordan Taylor,6' 1'',6' 3'',73.0,75.0,2.0
432,Jeff Taylor,6' 6'',6' 6.25'',78.0,78.25,0.25
433,Tyshawn Taylor,6' 2.75'',6' 6.25'',74.75,78.25,3.5
434,Marquis Teague,6' 1'',6' 7.25'',73.0,79.25,6.25
435,Hollis Thompson,6' 6.75'',6' 9.5'',78.75,81.5,2.75
436,Dion Waiters,6' 2.5'',6' 7.25'',74.5,79.25,4.75
437,Royce White,6' 7'',7' 0'',79.0,84.0,5.0
438,Tony Wroten,6' 4.75'',6' 9'',76.75,81.0,4.25
439,Tyler Zeller,6' 11.25'',7' 0'',83.25,84.0,0.75
440,Quincy Acy,6' 6.5'',7' 2.75'',78.5,86.75,8.25
441,Harrison Barnes,6' 7'',6' 11.25'',79.0,83.25,4.25
442,Will Barton,6' 5'',6' 9.75'',77.0,81.75,4.75
443,Bradley Beal,6' 3.25'',6' 8'',75.25,80.0,4.75
444,J'Covan Brown,6' 1'',6' 5.25'',73.0,77.25,4.25
445,William Buford,6' 4'',6' 9.5'',76.0,81.5,5.5
446,Jae Crowder,6' 4.75'',6' 9.25'',76.75,81.25,4.5
447,Jared Cunningham,6' 3.5'',6' 6.5'',75.5,78.5,3.0
448,Anthony Davis,6' 9.25'',7' 5.5'',81.25,89.5,8.25
449,Marcus Denmon,6' 2.25'',6' 5'',74.25,77.0,2.75
450,Andre Drummond,6' 9.75'',7' 6.25'',81.75,90.25,8.5
451,Kim English,6' 4.5'',6' 6.5'',76.5,78.5,2.0
452,Festus Ezeli,6' 9.75'',7' 5.75'',81.75,89.75,8.0
453,Drew Gordon,6' 8'',6' 11.5'',80.0,83.5,3.5
454,Draymond Green,6' 5.75'',7' 1.25'',77.75,85.25,7.5
455,JaMychal Green,6' 8'',7' 2.25'',80.0,86.25,6.25
456,Maurice Harkless,6' 7.25'',7' 0'',79.25,84.0,4.75
457,John Henson,6' 9'',7' 5'',81.0,89.0,8.0
458,Tu Holloway,5' 10.5'',6' 5.5'',70.5,77.5,7.0
459,Robbie Hummel,6' 7.25'',6' 8.5'',79.25,80.5,1.25
460,Bernard James,6' 8.75'',7' 3'',80.75,87.0,6.25
461,John Jenkins,6' 3.25'',6' 8.5'',75.25,80.5,5.25
462,Orlando Johnson,6' 3.75'',6' 11.25'',75.75,83.25,7.5
463,Darius Johnson-Odom,6' 1.5'',6' 7'',73.5,79.0,5.5
464,Terrence Jones,6' 8.25'',7' 2.25'',80.25,86.25,6.0
465,Perry Jones,6' 10.25'',7' 1.75'',82.25,85.75,3.5
466,Kevin Jones,6' 6.25'',7' 1.5'',78.25,85.5,7.25
467,Kris Joseph,6' 6'',6' 11'',78.0,83.0,5.0
468,Michael Kidd-Gilchrist,6' 5.75'',7' 0'',77.75,84.0,6.25
469,Jeremy Lamb,6' 4'',6' 11'',76.0,83.0,7.0
470,Doron Lamb,6' 3.25'',6' 6.75'',75.25,78.75,3.5
471,Meyers Leonard,6' 11.75'',7' 3'',83.75,87.0,3.25
472,Damian Lillard,6' 1.75'',6' 7.75'',73.75,79.75,6.0
473,Scott Machado,6' 1'',6' 4'',73.0,76.0,3.0
474,Kendall Marshall,6' 3.25'',6' 5.5'',75.25,77.5,2.25
475,Fab Melo,6' 10.75'',7' 2.5'',82.75,86.5,3.75
476,Khris Middleton,6' 6.75'',6' 10.75'',78.75,82.75,4.0
477,Quincy Miller,6' 8.75'',7' 1.25'',80.75,85.25,4.5
478,Darius Miller,6' 6'',6' 9'',78.0,81.0,3.0
479,Tony Mitchell,6' 5.25'',6' 10'',77.25,82.0,4.75
480,Arnett Moultrie,6' 9.5'',7' 2.25'',81.5,86.25,4.75
481,Kevin Murphy,6' 5'',6' 6.75'',77.0,78.75,1.75
482,Andrew Nicholson,6' 8.5'',7' 4'',80.5,88.0,7.5
483,Kyle O'Quinn,6' 8.5'',7' 4.75'',80.5,88.75,8.25
484,Miles Plumlee,6' 10.5'',7' 0.75'',82.5,84.75,2.25
485,Austin Rivers,6' 3.5'',6' 7.25'',75.5,79.25,3.75
486,Thomas Robinson,6' 7.75'',7' 3.25'',79.75,87.25,7.5
487,Terrence Ross,6' 6'',6' 7.25'',78.0,79.25,1.25
488,Tomas Satoransky,6' 6.5'',6' 7.25'',78.5,79.25,0.75
489,Mike Scott,6' 7.25'',6' 10.75'',79.25,82.75,3.5
490,Henry Sims,6' 10'',7' 4'',82.0,88.0,6.0
491,Jared Sullinger,6' 7.75'',7' 1.25'',79.75,85.25,5.5
492,Jordan Taylor,6' 1'',6' 3'',73.0,75.0,2.0
493,Jeff Taylor,6' 6'',6' 6.25'',78.0,78.25,0.25
494,Tyshawn Taylor,6' 2.75'',6' 6.25'',74.75,78.25,3.5
495,Marquis Teague,6' 1'',6' 7.25'',73.0,79.25,6.25
496,Hollis Thompson,6' 6.75'',6' 9.5'',78.75,81.5,2.75
497,Dion Waiters,6' 2.5'',6' 7.25'',74.5,79.25,4.75
498,Royce White,6' 7'',7' 0'',79.0,84.0,5.0
499,Tony Wroten,6' 4.75'',6' 9'',76.75,81.0,4.25
500,Tyler Zeller,6' 11.25'',7' 0'',83.25,84.0,0.75
501,Quincy Acy,6' 6.5'',7' 2.75'',78.5,86.75,8.25
502,Harrison Barnes,6' 7'',6' 11.25'',79.0,83.25,4.25
503,Will Barton,6' 5'',6' 9.75'',77.0,81.75,4.75
504,Bradley Beal,6' 3.25'',6' 8'',75.25,80.0,4.75
505,J'Covan Brown,6' 1'',6' 5.25'',73.0,77.25,4.25
506,William Buford,6' 4'',6' 9.5'',76.0,81.5,5.5
507,Jae Crowder,6' 4.75'',6' 9.25'',76.75,81.25,4.5
508,Jared Cunningham,6' 3.5'',6' 6.5'',75.5,78.5,3.0
509,Anthony Davis,6' 9.25'',7' 5.5'',81.25,89.5,8.25
510,Marcus Denmon,6' 2.25'',6' 5'',74.25,77.0,2.75
511,Andre Drummond,6' 9.75'',7' 6.25'',81.75,90.25,8.5
512,Kim English,6' 4.5'',6' 6.5'',76.5,78.5,2.0
513,Festus Ezeli,6' 9.75'',7' 5.75'',81.75,89.75,8.0
514,Drew Gordon,6' 8'',6' 11.5'',80.0,83.5,3.5
515,Draymond Green,6' 5.75'',7' 1.25'',77.75,85.25,7.5
516,JaMychal Green,6' 8'',7' 2.25'',80.0,86.25,6.25
517,Maurice Harkless,6' 7.25'',7' 0'',79.25,84.0,4.75
518,John Henson,6' 9'',7' 5'',81.0,89.0,8.0
519,Tu Holloway,5' 10.5'',6' 5.5'',70.5,77.5,7.0
520,Robbie Hummel,6' 7.25'',6' 8.5'',79.25,80.5,1.25
521,Bernard James,6' 8.75'',7' 3'',80.75,87.0,6.25
522,John Jenkins,6' 3.25'',6' 8.5'',75.25,80.5,5.25
523,Orlando Johnson,6' 3.75'',6' 11.25'',75.75,83.25,7.5
524,Darius Johnson-Odom,6' 1.5'',6' 7'',73.5,79.0,5.5
525,Terrence Jones,6' 8.25'',7' 2.25'',80.25,86.25,6.0
526,Perry Jones,6' 10.25'',7' 1.75'',82.25,85.75,3.5
527,Kevin Jones,6' 6.25'',7' 1.5'',78.25,85.5,7.25
528,Kris Joseph,6' 6'',6' 11'',78.0,83.0,5.0
529,Michael Kidd-Gilchrist,6' 5.75'',7' 0'',77.75,84.0,6.25
530,Jeremy Lamb,6' 4'',6' 11'',76.0,83.0,7.0
531,Doron Lamb,6' 3.25'',6' 6.75'',75.25,78.75,3.5
532,Meyers Leonard,6' 11.75'',7' 3'',83.75,87.0,3.25
533,Damian Lillard,6' 1.75'',6' 7.75'',73.75,79.75,6.0
534,Scott Machado,6' 1'',6' 4'',73.0,76.0,3.0
535,Kendall Marshall,6' 3.25'',6' 5.5'',75.25,77.5,2.25
536,Fab Melo,6' 10.75'',7' 2.5'',82.75,86.5,3.75
537,Khris Middleton,6' 6.75'',6' 10.75'',78.75,82.75,4.0
538,Quincy Miller,6' 8.75'',7' 1.25'',80.75,85.25,4.5
539,Darius Miller,6' 6'',6' 9'',78.0,81.0,3.0
540,Tony Mitchell,6' 5.25'',6' 10'',77.25,82.0,4.75
541,Arnett Moultrie,6' 9.5'',7' 2.25'',81.5,86.25,4.75
542,Kevin Murphy,6' 5'',6' 6.75'',77.0,78.75,1.75
543,Andrew Nicholson,6' 8.5'',7' 4'',80.5,88.0,7.5
544,Kyle O'Quinn,6' 8.5'',7' 4.75'',80.5,88.75,8.25
545,Miles Plumlee,6' 10.5'',7' 0.75'',82.5,84.75,2.25
546,Austin Rivers,6' 3.5'',6' 7.25'',75.5,79.25,3.75
547,Thomas Robinson,6' 7.75'',7' 3.25'',79.75,87.25,7.5
548,Terrence Ross,6' 6'',6' 7.25'',78.0,79.25,1.25
549,Tomas Satoransky,6' 6.5'',6' 7.25'',78.5,79.25,0.75
550,Mike Scott,6' 7.25'',6' 10.75'',79.25,82.75,3.5
551,Henry Sims,6' 10'',7' 4'',82.0,88.0,6.0
552,Jared Sullinger,6' 7.75'',7' 1.25'',79.75,85.25,5.5
553,Jordan Taylor,6' 1'',6' 3'',73.0,75.0,2.0
554,Jeff Taylor,6' 6'',6' 6.25'',78.0,78.25,0.25
555,Tyshawn Taylor,6' 2.75'',6' 6.25'',74.75,78.25,3.5
556,Marquis Teague,6' 1'',6' 7.25'',73.0,79.25,6.25
557,Hollis Thompson,6' 6.75'',6' 9.5'',78.75,81.5,2.75
558,Dion Waiters,6' 2.5'',6' 7.25'',74.5,79.25,4.75
559,Royce White,6' 7'',7' 0'',79.0,84.0,5.0
560,Tony Wroten,6' 4.75'',6' 9'',76.75,81.0,4.25
561,Tyler Zeller,6' 11.25'',7' 0'',83.25,84.0,0.75
562,Quincy Acy,6' 6.5'',7' 2.75'',78.5,86.75,8.25
563,Harrison Barnes,6' 7'',6' 11.25'',79.0,83.25,4.25
564,Will Barton,6' 5'',6' 9.75'',77.0,81.75,4.75
565,Bradley Beal,6' 3.25'',6' 8'',75.25,80.0,4.75
566,J'Covan Brown,6' 1'',6' 5.25'',73.0,77.25,4.25
567,William Buford,6' 4'',6' 9.5'',76.0,81.5,5.5
568,Jae Crowder,6' 4.75'',6' 9.25'',76.75,81.25,4.5
569,Jared Cunningham,6' 3.5'',6' 6.5'',75.5,78.5,3.0
570,Anthony Davis,6' 9.25'',7' 5.5'',81.25,89.5,8.25
571,Marcus Denmon,6' 2.25'',6' 5'',74.25,77.0,2.75
572,Andre Drummond,6' 9.75'',7' 6.25'',81.75,90.25,8.5
573,Kim English,6' 4.5'',6' 6.5'',76.5,78.5,2.0
574,Festus Ezeli,6' 9.75'',7' 5.75'',81.75,89.75,8.0
575,Drew Gordon,6' 8'',6' 11.5'',80.0,83.5,3.5
576,Draymond Green,6' 5.75'',7' 1.25'',77.75,85.25,7.5
577,JaMychal Green,6' 8'',7' 2.25'',80.0,86.25,6.25
578,Maurice Harkless,6' 7.25'',7' 0'',79.25,84.0,4.75
579,John Henson,6' 9'',7' 5'',81.0,89.0,8.0
580,Tu Holloway,5' 10.5'',6' 5.5'',70.5,77.5,7.0
581,Robbie Hummel,6' 7.25'',6' 8.5'',79.25,80.5,1.25
582,Bernard James,6' 8.75'',7' 3'',80.75,87.0,6.25
583,John Jenkins,6' 3.25'',6' 8.5'',75.25,80.5,5.25
584,Orlando Johnson,6' 3.75'',6' 11.25'',75.75,83.25,7.5
585,Darius Johnson-Odom,6' 1.5'',6' 7'',73.5,79.0,5.5
586,Terrence Jones,6' 8.25'',7' 2.25'',80.25,86.25,6.0
587,Perry Jones,6' 10.25'',7' 1.75'',82.25,85.75,3.5
588,Kevin Jones,6' 6.25'',7' 1.5'',78.25,85.5,7.25
589,Kris Joseph,6' 6'',6' 11'',78.0,83.0,5.0
590,Michael Kidd-Gilchrist,6' 5.75'',7' 0'',77.75,84.0,6.25
591,Jeremy Lamb,6' 4'',6' 11'',76.0,83.0,7.0
592,Doron Lamb,6' 3.25'',6' 6.75'',75.25,78.75,3.5
593,Meyers Leonard,6' 11.75'',7' 3'',83.75,87.0,3.25
594,Damian Lillard,6' 1.75'',6' 7.75'',73.75,79.75,6.0
595,Scott Machado,6' 1'',6' 4'',73.0,76.0,3.0
596,Kendall Marshall,6' 3.25'',6' 5.5'',75.25,77.5,2.25
597,Fab Melo,6' 10.75'',7' 2.5'',82.75,86.5,3.75
598,Khris Middleton,6' 6.75'',6' 10.75'',78.75,82.75,4.0
599,Quincy Miller,6' 8.75'',7' 1.25'',80.75,85.25,4.5
600,Darius Miller,6' 6'',6' 9'',78.0,81.0,3.0
601,Tony Mitchell,6' 5.25'',6' 10'',77.25,82.0,4.75
602,Arnett Moultrie,6' 9.5'',7' 2.25'',81.5,86.25,4.75
603,Kevin Murphy,6' 5'',6' 6.75'',77.0,78.75,1.75
604,Andrew Nicholson,6' 8.5'',7' 4'',80.5,88.0,7.5
605,Kyle O'Quinn,6' 8.5'',7' 4.75'',80.5,88.75,8.25
606,Miles Plumlee,6' 10.5'',7' 0.75'',82.5,84.75,2.25
607,Austin Rivers,6' 3.5'',6' 7.25'',75.5,79.25,3.75
608,Thomas Robinson,6' 7.75'',7' 3.25'',79.75,87.25,7.5
609,Terrence Ross,6' 6'',6' 7.25'',78.0,79.25,1.25
610,Tomas Satoransky,6' 6.5'',6' 7.25'',78.5,79.25,0.75
611,Mike Scott,6' 7.25'',6' 10.75'',79.25,82.75,3.5
612,Henry Sims,6' 10'',7' 4'',82.0,88.0,6.0
613,Jared Sullinger,6' 7.75'',7' 1.25'',79.75,85.25,5.5
614,Jordan Taylor,6' 1'',6' 3'',73.0,75.0,2.0
615,Jeff Taylor,6' 6'',6' 6.25'',78.0,78.25,0.25
616,Tyshawn Taylor,6' 2.75'',6' 6.25'',74.75,78.25,3.5
617,Marquis Teague,6' 1'',6' 7.25'',73.0,79.25,6.25
618,Hollis Thompson,6' 6.75'',6' 9.5'',78.75,81.5,2.75
619,Dion Waiters,6' 2.5'',6' 7.25'',74.5,79.25,4.75
620,Royce White,6' 7'',7' 0'',79.0,84.0,5.0
621,Tony Wroten,6' 4.75'',6' 9'',76.75,81.0,4.25
622,Tyler Zeller,6' 11.25'',7' 0'',83.25,84.0,0.75
623,Mohamed Abukar,6' 8'',6' 9'',80.0,81.0,1.0
624,Mario Boggan,6' 5'',7' 2'',77.0,86.0,9.0
625,Craig Bradshaw,6' 8'',7' 1.5'',80.0,85.5,5.5
626,Corey Brewer,6' 6'',6' 8.25'',78.0,80.25,2.25
627,Aaron Brooks,5' 10'',6' 4'',70.0,76.0,6.0
628,Bobby Brown,5' 11'',6' 4'',71.0,76.0,5.0
629,Russell Carter,6' 3'',6' 8.5'',75.0,80.5,5.5
630,Coleman Collins,6' 8'',7' 2'',80.0,86.0,6.0
631,Mike Conley,5' 11'',6' 5.75'',71.0,77.75,6.75
632,Daequan Cook,6' 3'',6' 8.25'',75.0,80.25,5.25
633,Ryvon Covile,6' 7'',7' 1.25'',79.0,85.25,6.25
634,Javaris Crittenton,6' 3'',6' 5.5'',75.0,77.5,2.5
635,Jermareo Davidson,6' 9'',7' 4'',81.0,88.0,7.0
636,Justin Doellman,6' 8'',6' 8.75'',80.0,80.75,0.75
637,Zabian Dowdell,6' 1'',6' 10'',73.0,82.0,9.0
638,Jared Dudley,6' 5'',6' 7'',77.0,79.0,2.0
639,Kevin Durant,6' 9'',7' 4.75'',81.0,88.75,7.75
640,Rashaun Freeman,6' 6'',6' 11.5'',78.0,83.5,5.5
641,Aaron Gray,7' 0'',7' 3.25'',84.0,87.25,3.25
642,Caleb Green,6' 6'',6' 11.75'',78.0,83.75,5.75
643,Jeff Green,6' 7'',7' 1.25'',79.0,85.25,6.25
644,Taurean Green,5' 11'',6' 2.25'',71.0,74.25,3.25
645,Spencer Hawes,6' 10'',7' 0.5'',82.0,84.5,2.5
646,Brandon Heath,6' 2'',6' 7'',74.0,79.0,5.0
647,Herbert Hill,6' 7'',7' 2.25'',79.0,86.25,7.25
648,Al Horford,6' 8'',7' 0.75'',80.0,84.75,4.75
649,Quinton Hosley,6' 5'',6' 11.25'',77.0,83.25,6.25
650,James Hughes,6' 9'',7' 3'',81.0,87.0,6.0
651,Jeremy Hunt,6' 2'',6' 8.25'',74.0,80.25,6.25
652,Ekene Ibekwe,6' 8'',7' 6'',80.0,90.0,10.0
653,Dominic James,5' 10'',6' 2'',70.0,74.0,4.0
654,Trey Johnson,6' 3'',6' 5'',75.0,77.0,2.0
655,Rashad Jones-Jennings,6' 6'',7' 0'',78.0,84.0,6.0
656,Jared Jordan,6' 0'',6' 0'',72.0,72.0,0.0
657,Coby Karl,6' 3'',6' 11'',75.0,83.0,8.0
658,Antanas Kavaliauskas,6' 9'',6' 10.5'',81.0,82.5,1.5
659,Carl Landry,6' 7'',6' 11'',79.0,83.0,4.0
660,Stephane Lasme,6' 5'',7' 2'',77.0,86.0,9.0
661,Acie Law,6' 2'',6' 6.5'',74.0,78.5,4.5
662,Marko Lekic,6' 9'',7' 1'',81.0,85.0,4.0
663,Ron Lewis,6' 2'',6' 6.5'',74.0,78.5,4.5
664,Cartier Martin,6' 4'',6' 10'',76.0,82.0,6.0
665,Dominic McGuire,6' 7'',6' 10.5'',79.0,82.5,3.5
666,Josh McRoberts,6' 8'',7' 1'',80.0,85.0,5.0
667,Sammy Mejia,6' 5'',6' 11'',77.0,83.0,6.0
668,Brad Newley,6' 5'',6' 8'',77.0,80.0,3.0
669,Demetris Nichols,6' 6'',7' 0.25'',78.0,84.25,6.25
670,Joakim Noah,6' 10'',7' 1.25'',82.0,85.25,3.25
671,Greg Oden,6' 11'',7' 4.25'',83.0,88.25,5.25
672,Ivan Radenovic,6' 9'',6' 11.75'',81.0,83.75,2.75
673,JR Reynolds,6' 0'',6' 3.25'',72.0,75.25,3.25
674,Chris Richard,6' 7'',7' 4.5'',79.0,88.5,9.5
675,Dustin Salisbery,6' 3'',6' 8'',75.0,80.0,5.0
676,Blake Schilb,6' 5'',6' 9'',77.0,81.0,4.0
677,Renaldas Seibutis,6' 4'',6' 8.75'',76.0,80.75,4.75
678,Ramon Sessions,6' 2'',6' 4.25'',74.0,76.25,2.25
679,Mustafa Shakur,6' 3'',6' 5.5'',75.0,77.5,2.5
680,Jason Smith,6' 10.75'',6' 10.75'',82.75,82.75,0.0
681,DJ Strawberry,6' 3.75'',6' 6.5'',75.75,78.5,2.75
682,Rodney Stuckey,6' 3.75'',6' 7.25'',75.75,79.25,3.5
683,Curtis Sumpter,6' 6'',6' 9.5'',78.0,81.5,3.5
684,Yue Sun,6' 7.75'',6' 9'',79.75,81.0,1.25
685,Jamaal Tatum,5' 11.5'',6' 2.5'',71.5,74.5,3.0
686,Reyshawn Terry,6' 6.75'',6' 10'',78.75,82.0,3.25
687,Al Thornton,6' 5.75'',7' 1'',77.75,85.0,7.25
688,Anthony Tolliver,6' 7'',7' 2.5'',79.0,86.5,7.5
689,Ali Traore,6' 8.75'',7' 4'',80.75,88.0,7.25
690,Kyle Visser,6' 10'',6' 11'',82.0,83.0,1.0
691,Darryl Watkins,6' 8.75'',7' 3'',80.75,87.0,6.25
692,Major Wingate,6' 8.5'',7' 4'',80.5,88.0,7.5
693,DaShaun Wood,5' 10.75'',6' 0.75'',70.75,72.75,2.0
694,Brandan Wright,6' 8.75'',7' 3.75'',80.75,87.75,7.0
695,Julian Wright,6' 6.5'',7' 2.25'',78.5,86.25,7.75
696,Avis Wyatt,6' 8.75'',7' 1'',80.75,85.0,4.25
698,Thaddeus Young,6' 5.75'',6' 11.5'',77.75,83.5,5.75
699,Nick Young,6' 5'',7' 0'',77.0,84.0,7.0
700,Quincy Acy,6' 6.5'',7' 2.75'',78.5,86.75,8.25
701,Harrison Barnes,6' 7'',6' 11.25'',79.0,83.25,4.25
702,Will Barton,6' 5'',6' 9.75'',77.0,81.75,4.75
703,Bradley Beal,6' 3.25'',6' 8'',75.25,80.0,4.75
704,J'Covan Brown,6' 1'',6' 5.25'',73.0,77.25,4.25
705,William Buford,6' 4'',6' 9.5'',76.0,81.5,5.5
706,Jae Crowder,6' 4.75'',6' 9.25'',76.75,81.25,4.5
707,Jared Cunningham,6' 3.5'',6' 6.5'',75.5,78.5,3.0
708,Anthony Davis,6' 9.25'',7' 5.5'',81.25,89.5,8.25
709,Marcus Denmon,6' 2.25'',6' 5'',74.25,77.0,2.75
710,Andre Drummond,6' 9.75'',7' 6.25'',81.75,90.25,8.5
711,Kim English,6' 4.5'',6' 6.5'',76.5,78.5,2.0
712,Festus Ezeli,6' 9.75'',7' 5.75'',81.75,89.75,8.0
713,Drew Gordon,6' 8'',6' 11.5'',80.0,83.5,3.5
714,Draymond Green,6' 5.75'',7' 1.25'',77.75,85.25,7.5
715,JaMychal Green,6' 8'',7' 2.25'',80.0,86.25,6.25
716,Maurice Harkless,6' 7.25'',7' 0'',79.25,84.0,4.75
717,John Henson,6' 9'',7' 5'',81.0,89.0,8.0
718,Tu Holloway,5' 10.5'',6' 5.5'',70.5,77.5,7.0
719,Robbie Hummel,6' 7.25'',6' 8.5'',79.25,80.5,1.25
720,Bernard James,6' 8.75'',7' 3'',80.75,87.0,6.25
721,John Jenkins,6' 3.25'',6' 8.5'',75.25,80.5,5.25
722,Orlando Johnson,6' 3.75'',6' 11.25'',75.75,83.25,7.5
723,Darius Johnson-Odom,6' 1.5'',6' 7'',73.5,79.0,5.5
724,Terrence Jones,6' 8.25'',7' 2.25'',80.25,86.25,6.0
725,Perry Jones,6' 10.25'',7' 1.75'',82.25,85.75,3.5
726,Kevin Jones,6' 6.25'',7' 1.5'',78.25,85.5,7.25
727,Kris Joseph,6' 6'',6' 11'',78.0,83.0,5.0
728,Michael Kidd-Gilchrist,6' 5.75'',7' 0'',77.75,84.0,6.25
729,Jeremy Lamb,6' 4'',6' 11'',76.0,83.0,7.0
730,Doron Lamb,6' 3.25'',6' 6.75'',75.25,78.75,3.5
731,Meyers Leonard,6' 11.75'',7' 3'',83.75,87.0,3.25
732,Damian Lillard,6' 1.75'',6' 7.75'',73.75,79.75,6.0
733,Scott Machado,6' 1'',6' 4'',73.0,76.0,3.0
734,Kendall Marshall,6' 3.25'',6' 5.5'',75.25,77.5,2.25
735,Fab Melo,6' 10.75'',7' 2.5'',82.75,86.5,3.75
736,Khris Middleton,6' 6.75'',6' 10.75'',78.75,82.75,4.0
737,Quincy Miller,6' 8.75'',7' 1.25'',80.75,85.25,4.5
738,Darius Miller,6' 6'',6' 9'',78.0,81.0,3.0
739,Tony Mitchell,6' 5.25'',6' 10'',77.25,82.0,4.75
740,Arnett Moultrie,6' 9.5'',7' 2.25'',81.5,86.25,4.75
741,Kevin Murphy,6' 5'',6' 6.75'',77.0,78.75,1.75
742,Andrew Nicholson,6' 8.5'',7' 4'',80.5,88.0,7.5
743,Kyle O'Quinn,6' 8.5'',7' 4.75'',80.5,88.75,8.25
744,Miles Plumlee,6' 10.5'',7' 0.75'',82.5,84.75,2.25
745,Austin Rivers,6' 3.5'',6' 7.25'',75.5,79.25,3.75
746,Thomas Robinson,6' 7.75'',7' 3.25'',79.75,87.25,7.5
747,Terrence Ross,6' 6'',6' 7.25'',78.0,79.25,1.25
748,Tomas Satoransky,6' 6.5'',6' 7.25'',78.5,79.25,0.75
749,Mike Scott,6' 7.25'',6' 10.75'',79.25,82.75,3.5
750,Henry Sims,6' 10'',7' 4'',82.0,88.0,6.0
751,Jared Sullinger,6' 7.75'',7' 1.25'',79.75,85.25,5.5
752,Jordan Taylor,6' 1'',6' 3'',73.0,75.0,2.0
753,Jeff Taylor,6' 6'',6' 6.25'',78.0,78.25,0.25
754,Tyshawn Taylor,6' 2.75'',6' 6.25'',74.75,78.25,3.5
755,Marquis Teague,6' 1'',6' 7.25'',73.0,79.25,6.25
756,Hollis Thompson,6' 6.75'',6' 9.5'',78.75,81.5,2.75
757,Dion Waiters,6' 2.5'',6' 7.25'',74.5,79.25,4.75
758,Royce White,6' 7'',7' 0'',79.0,84.0,5.0
759,Tony Wroten,6' 4.75'',6' 9'',76.75,81.0,4.25
760,Tyler Zeller,6' 11.25'',7' 0'',83.25,84.0,0.75
921,Quincy Acy,6' 6.5'',7' 2.75'',78.5,86.75,8.25
922,Harrison Barnes,6' 7'',6' 11.25'',79.0,83.25,4.25
923,Will Barton,6' 5'',6' 9.75'',77.0,81.75,4.75
924,Bradley Beal,6' 3.25'',6' 8'',75.25,80.0,4.75
925,J'Covan Brown,6' 1'',6' 5.25'',73.0,77.25,4.25
926,William Buford,6' 4'',6' 9.5'',76.0,81.5,5.5
927,Jae Crowder,6' 4.75'',6' 9.25'',76.75,81.25,4.5
928,Jared Cunningham,6' 3.5'',6' 6.5'',75.5,78.5,3.0
929,Anthony Davis,6' 9.25'',7' 5.5'',81.25,89.5,8.25
930,Marcus Denmon,6' 2.25'',6' 5'',74.25,77.0,2.75
931,Andre Drummond,6' 9.75'',7' 6.25'',81.75,90.25,8.5
932,Kim English,6' 4.5'',6' 6.5'',76.5,78.5,2.0
933,Festus Ezeli,6' 9.75'',7' 5.75'',81.75,89.75,8.0
934,Drew Gordon,6' 8'',6' 11.5'',80.0,83.5,3.5
935,Draymond Green,6' 5.75'',7' 1.25'',77.75,85.25,7.5
936,JaMychal Green,6' 8'',7' 2.25'',80.0,86.25,6.25
937,Maurice Harkless,6' 7.25'',7' 0'',79.25,84.0,4.75
938,John Henson,6' 9'',7' 5'',81.0,89.0,8.0
939,Tu Holloway,5' 10.5'',6' 5.5'',70.5,77.5,7.0
940,Robbie Hummel,6' 7.25'',6' 8.5'',79.25,80.5,1.25
941,Bernard James,6' 8.75'',7' 3'',80.75,87.0,6.25
942,John Jenkins,6' 3.25'',6' 8.5'',75.25,80.5,5.25
943,Orlando Johnson,6' 3.75'',6' 11.25'',75.75,83.25,7.5
944,Darius Johnson-Odom,6' 1.5'',6' 7'',73.5,79.0,5.5
945,Terrence Jones,6' 8.25'',7' 2.25'',80.25,86.25,6.0
946,Perry Jones,6' 10.25'',7' 1.75'',82.25,85.75,3.5
947,Kevin Jones,6' 6.25'',7' 1.5'',78.25,85.5,7.25
948,Kris Joseph,6' 6'',6' 11'',78.0,83.0,5.0
949,Michael Kidd-Gilchrist,6' 5.75'',7' 0'',77.75,84.0,6.25
950,Jeremy Lamb,6' 4'',6' 11'',76.0,83.0,7.0
951,Doron Lamb,6' 3.25'',6' 6.75'',75.25,78.75,3.5
952,Meyers Leonard,6' 11.75'',7' 3'',83.75,87.0,3.25
953,Damian Lillard,6' 1.75'',6' 7.75'',73.75,79.75,6.0
954,Scott Machado,6' 1'',6' 4'',73.0,76.0,3.0
955,Kendall Marshall,6' 3.25'',6' 5.5'',75.25,77.5,2.25
956,Fab Melo,6' 10.75'',7' 2.5'',82.75,86.5,3.75
957,Khris Middleton,6' 6.75'',6' 10.75'',78.75,82.75,4.0
958,Quincy Miller,6' 8.75'',7' 1.25'',80.75,85.25,4.5
959,Darius Miller,6' 6'',6' 9'',78.0,81.0,3.0
960,Tony Mitchell,6' 5.25'',6' 10'',77.25,82.0,4.75
961,Arnett Moultrie,6' 9.5'',7' 2.25'',81.5,86.25,4.75
962,Kevin Murphy,6' 5'',6' 6.75'',77.0,78.75,1.75
963,Andrew Nicholson,6' 8.5'',7' 4'',80.5,88.0,7.5
964,Kyle O'Quinn,6' 8.5'',7' 4.75'',80.5,88.75,8.25
965,Miles Plumlee,6' 10.5'',7' 0.75'',82.5,84.75,2.25
966,Austin Rivers,6' 3.5'',6' 7.25'',75.5,79.25,3.75
967,Thomas Robinson,6' 7.75'',7' 3.25'',79.75,87.25,7.5
968,Terrence Ross,6' 6'',6' 7.25'',78.0,79.25,1.25
969,Tomas Satoransky,6' 6.5'',6' 7.25'',78.5,79.25,0.75
970,Mike Scott,6' 7.25'',6' 10.75'',79.25,82.75,3.5
971,Henry Sims,6' 10'',7' 4'',82.0,88.0,6.0
972,Jared Sullinger,6' 7.75'',7' 1.25'',79.75,85.25,5.5
973,Jordan Taylor,6' 1'',6' 3'',73.0,75.0,2.0
974,Jeff Taylor,6' 6'',6' 6.25'',78.0,78.25,0.25
975,Tyshawn Taylor,6' 2.75'',6' 6.25'',74.75,78.25,3.5
976,Marquis Teague,6' 1'',6' 7.25'',73.0,79.25,6.25
977,Hollis Thompson,6' 6.75'',6' 9.5'',78.75,81.5,2.75
978,Dion Waiters,6' 2.5'',6' 7.25'',74.5,79.25,4.75
979,Royce White,6' 7'',7' 0'',79.0,84.0,5.0
980,Tony Wroten,6' 4.75'',6' 9'',76.75,81.0,4.25
981,Tyler Zeller,6' 11.25'',7' 0'',83.25,84.0,0.75
982,Joe Alexander,6' 7.25'',6' 11.5'',79.25,83.5,4.25
983,Darrell Arthur,6' 7.5'',6' 10.75'',79.5,82.75,3.25
984,D.J. Augustin,5' 10'',6' 3.5'',70.0,75.5,5.5
985,Jerryd Bayless,6' 1.75'',6' 3.5'',73.75,75.5,1.75
986,Michael Beasley,6' 7'',7' 0.25'',79.0,84.25,5.25
987,Ramel Bradley,6' 1.25'',6' 5'',73.25,77.0,3.75
988,Tyrone Brazelton,5' 10'',6' 1.75'',70.0,73.75,3.75
989,Takais Brown,6' 7.25'',6' 10'',79.25,82.0,2.75
990,Keith Brumbaugh,6' 7.5'',6' 7.25'',79.5,79.25,-0.25
991,Stanley Burrell,6' 1.5'',6' 6.25'',73.5,78.25,4.75
992,Brian Butch,6' 9.5'',6' 11.25'',81.5,83.25,1.75
993,Jamar Butler,6' 0.25'',6' 4.75'',72.25,76.75,4.5
994,Pat Calathes,6' 8.75'',6' 9.75'',80.75,81.75,1.0
995,Joe Crawford,6' 3'',6' 5.75'',75.0,77.75,2.75
996,Chris Daniels,6' 8.25'',7' 0.5'',80.25,84.5,4.25
997,Joey Dorsey,6' 6.25'',7' 1.75'',78.25,85.75,7.5
998,Marcus Dove,6' 6.75'',6' 11.5'',78.75,83.5,4.75
999,Josh Duncan,6' 8'',6' 11.5'',80.0,83.5,3.5
1000,Frank Elegar,6' 7.25'',7' 3.25'',79.25,87.25,8.0
1001,Patrick Ewing Jr.,6' 6'',7' 0.25'',78.0,84.25,6.25
1002,Gary Forbes,6' 4.5'',6' 11.25'',76.5,83.25,6.75
1003,Shan Foster,6' 4'',6' 11.5'',76.0,83.5,7.5
1004,J.R. Giddens,6' 4'',6' 11.25'',76.0,83.25,7.25
1005,James Gist,6' 7'',7' 4'',79.0,88.0,9.0
1006,Vladimir Golubovic,6' 11.25'',7' 2.5'',83.25,86.5,3.25
1007,Eric Gordon,6' 2'',6' 9'',74.0,81.0,7.0
1008,Kentrell Gransberry,6' 6.75'',6' 10.25'',78.75,82.25,3.5
1009,Donte Greene,6' 8.25'',6' 10'',80.25,82.0,1.75
1010,Malik Hairston,6' 4.25'',6' 9'',76.25,81.0,4.75
1011,DeVon Hardin,6' 9.5'',7' 3'',81.5,87.0,5.5
1012,Richard Hendrix,6' 6.75'',7' 3'',78.75,87.0,8.25
1013,George Hill,6' 1.25'',6' 9'',73.25,81.0,7.75
1014,Kyle Hines,6' 3.75'',7' 1.25'',75.75,85.25,9.5
1015,Jiri Hubalek,6' 9.5'',6' 10.75'',81.5,82.75,1.25
1016,Lester Hudson,5' 11.75'',6' 8.75'',71.75,80.75,9.0
1017,Othello Hunter,6' 6.5'',7' 3'',78.5,87.0,8.5
1018,Darnell Jackson,6' 7'',6' 11.25'',79.0,83.25,4.25
1019,Shawn James,6' 7.75'',7' 5'',79.75,89.0,9.25
1020,Davon Jefferson,6' 5.25'',6' 9.5'',77.25,81.5,4.25
1021,Joseph Jones,6' 7'',7' 0.25'',79.0,84.25,5.25
1022,DeAndre Jordan,6' 9.75'',7' 6'',81.75,90.0,8.25
1023,Sasha Kaun,6' 9'',7' 4'',81.0,88.0,7.0
1024,Marcelus Kemp,6' 3'',6' 8.5'',75.0,80.5,5.5
1025,Maarty Leunen,6' 7.25'',6' 8'',79.25,80.0,0.75
1026,Longar Longar,6' 9'',7' 1.25'',81.0,85.25,4.25
1027,Brook Lopez,6' 11.25'',7' 5.5'',83.25,89.5,6.25
1028,Kevin Love,6' 7.75'',6' 11.25'',79.75,83.25,3.5
1029,Aleks Maric,6' 9.75'',7' 1'',81.75,85.0,3.25
1030,O.J. Mayo,6' 3.25'',6' 6'',75.25,78.0,2.75
1031,James Mays,6' 6.75'',7' 1.75'',78.75,85.75,7.0
1032,Luc Mbah a Moute,6' 5.75'',7' 2.5'',77.75,86.5,8.75
1033,JaVale McGee,6' 11'',7' 6'',83.0,90.0,7.0
1034,Drew Neitzel,5' 11.75'',6' 2.5'',71.75,74.5,2.75
1035,DeMarcus Nelson,6' 1'',6' 10'',73.0,82.0,9.0
1036,David Padgett,6' 10.25'',7' 1'',82.25,85.0,2.75
1037,Jeremy Pargo,6' 0.5'',6' 5'',72.5,77.0,4.5
1038,Trent Plaisted,6' 9.25'',6' 10.5'',81.25,82.5,1.25
1039,Quan Prowell,6' 6.75'',6' 10.5'',78.75,82.5,3.75
1040,Shaun Pruitt,6' 8.25'',7' 1'',80.25,85.0,4.75
1041,Anthony Randolph,6' 9'',7' 3'',81.0,87.0,6.0
1042,Charles Rhodes,6' 7.25'',6' 11.25'',79.25,83.25,4.0
1043,John Riek,6' 10.5'',7' 8.75'',82.5,92.75,10.25
1044,Brian Roberts,6' 0.25'',6' 1.25'',72.25,73.25,1.0
1045,Russell Robinson,6' 0.5'',6' 8'',72.5,80.0,7.5
1046,Richard Roby,6' 4.25'',6' 9.75'',76.25,81.75,5.5
1047,Derrick Rose,6' 1.5'',6' 8'',73.5,80.0,6.5
1048,Sean Singletary,5' 11'',6' 4.5'',71.0,76.5,5.5
1049,Ronald Steele,6' 0.25'',6' 4.25'',72.25,76.25,4.0
1050,Bryce Taylor,6' 2.75'',6' 9'',74.75,81.0,6.25
1051,Mike Taylor,6' 0.75'',6' 7.25'',72.75,79.25,6.5
1052,Mark Tyndale,6' 2.75'',6' 11'',74.75,83.0,8.25
1053,Robert Vaden,6' 3.5'',6' 8'',75.5,80.0,4.5
1054,Deron Washington,6' 5.25'',6' 9'',77.25,81.0,3.75
1055,Sonny Weems,6' 4'',6' 10'',76.0,82.0,6.0
1056,Russell Westbrook,6' 2.25'',6' 7.75'',74.25,79.75,5.5
1057,Reggie Williams,6' 3.25'',6' 9.25'',75.25,81.25,6.0
1058,Alex Acker,6' 3.75'',7' 0'',75.75,84.0,8.25
1059,Deji Akindele,6' 9.5'',7' 3'',81.5,87.0,5.5
1061,Nemanja Aleksandrov,6' 10'',6' 11'',82.0,83.0,1.0
1062,Alan Anderson,6' 4.5'',6' 9.5'',76.5,81.5,5.0
1063,Martynas Andriuskevicius,7' 1.25'',6' 11.25'',85.25,83.25,-2.0
1064,Sean Banks,6' 5.75'',7' 1'',77.75,85.0,7.25
1065,Eddie Basden,6' 4.25'',6' 10.25'',76.25,82.25,6.0
1066,Mike Bell,6' 8.75'',7' 1.5'',80.75,85.5,4.75
1067,Andrew Bogut,6' 11'',7' 3'',83.0,87.0,4.0
1068,Dee Brown,5' 11'',6' 2'',71.0,74.0,3.0
1069,Will Bynum,5' 10.5'',6' 3.5'',70.5,75.5,5.0
1070,Marcus Campbell,6' 10.25'',7' 6'',82.25,90.0,7.75
1071,Will Conroy,6' 1'',6' 3'',73.0,75.0,2.0
1072,Taylor Coppenrath,6' 7.75'',6' 11.5'',79.75,83.5,3.75
1073,Travis Diener,5' 11.75'',5' 11.75'',71.75,71.75,0.0
1074,Ike Diogu,6' 6.5'',7' 3.5'',78.5,87.5,9.0
1075,Daryl Dorsey,5' 11.25'',5' 11.5'',71.25,71.5,0.25
1076,Monta Ellis,6' 2.25'',6' 2.75'',74.25,74.75,0.5
1077,Raymond Felton,5' 11.5'',6' 4.25'',71.5,76.25,4.75
1078,Rudy Fernandez,6' 4.75'',6' 7.5'',76.75,79.5,2.75
1079,D'Or Fischer,6' 9.25'',7' 6'',81.25,90.0,8.75
1080,Eddy Fobbs,6' 10.25'',7' 6.75'',82.25,90.75,8.5
1081,Sharrod Ford,6' 7.25'',7' 1.5'',79.25,85.5,6.25
1082,Channing Frye,6' 9.5'',7' 2.5'',81.5,86.5,5.0
1083,Deng Gai,6' 7.75'',7' 4.5'',79.75,88.5,8.75
1084,Francisco Garcia,6' 5.75'',6' 10.75'',77.75,82.75,5.0
1085,John Gilchrist,6' 1.25'',6' 9.25'',73.25,81.25,8.0
1086,Marcin Gortat,6' 11'',7' 3.5'',83.0,87.5,4.5
1087,Joey Graham,6' 5.25'',6' 8'',77.25,80.0,2.75
1088,Danny Granger,6' 7.5'',7' 1.5'',79.5,85.5,6.0
1089,Gerald Green,6' 6'',6' 9.75'',78.0,81.75,3.75
1090,Charles Hayes,6' 5.5'',6' 10'',77.5,82.0,4.5
1091,Luther Head,6' 2'',6' 5.25'',74.0,77.25,3.25
1092,Julius Hodge,6' 6'',7' 0.5'',78.0,84.5,6.5
1093,Jared Homan,6' 7.75'',7' 1.25'',79.75,85.25,5.5
1094,Ersan Ilyasova,6' 7.75'',7' 1.25'',79.75,85.25,5.5
1095,Jarrett Jack,6' 2.5'',6' 7.5'',74.5,79.5,5.0
1096,Dwayne Jones,6' 8.5'',7' 2.75'',80.5,86.75,6.25
1097,Mindaugas Katelynas,6' 7.5'',6' 11'',79.5,83.0,3.5
1098,Jason Klotz,6' 8.5'',6' 10'',80.5,82.0,1.5
1099,Carl Krauser,5' 11.5'',6' 5.5'',71.5,77.5,6.0
1100,Keith Langford,6' 2.25'',6' 9'',74.25,81.0,6.75
1101,David Lee,6' 7.75'',7' 0'',79.75,84.0,4.25
1102,David Lucas,6' 6.5'',7' 0'',78.5,84.0,5.5
1103,John Lucas III,5' 9.25'',6' 0'',69.25,72.0,2.75
1104,Rawle Marshall,6' 4.5'',7' 1'',76.5,85.0,8.5
1105,Jason Maxiell,6' 5'',7' 3.25'',77.0,87.25,10.25
1106,Sean May,6' 7'',7' 1.25'',79.0,85.25,6.25
1107,Rashad McCants,6' 2.75'',6' 10.75'',74.75,82.75,8.0
1108,Ivan McFarlin,6' 5.5'',6' 9'',77.5,81.0,3.5
1109,Juan Mendez,6' 5.25'',7' 0'',77.25,84.0,6.75
1110,Aaron Miles,6' 0'',6' 3.5'',72.0,75.5,3.5
1111,Ellis Myles,6' 6'',6' 9.75'',78.0,81.75,3.75
1112,Larry O'Bannon,6' 3'',6' 6'',75.0,78.0,3.0
1113,Drago Pasalic,6' 9.5'',6' 11.75'',81.5,83.75,2.25
1114,Chris Paul,5' 11.75'',6' 4.25'',71.75,76.25,4.5
1115,Kevin Pittsnogle,6' 9.25'',6' 10.5'',81.25,82.5,1.25
1116,Roger Powell,6' 4.75'',6' 11.5'',76.75,83.5,6.75
1117,Carlos Powell,6' 5.25'',6' 10.75'',77.25,82.75,5.5
1118,Ronnie Price,6' 0.75'',6' 5.5'',72.75,77.5,4.75
1119,Anthony Roberson,6' 0.75'',6' 2.75'',72.75,74.75,2.0
1120,Brandon Rush,6' 5'',6' 11.25'',77.0,83.25,6.25
1121,Luke Schenscher,6' 11.75'',7' 5'',83.75,89.0,5.25
1122,Wayne Simien,6' 7.25'',7' 0'',79.25,84.0,4.75
1123,Tre Simmons,6' 4'',6' 7.5'',76.0,79.5,3.5
1124,David Simon,6' 8'',7' 3.5'',80.0,87.5,7.5
1125,Chris Taft,6' 8.5'',7' 1.75'',80.5,85.75,5.25
1126,Omar Thomas,6' 3.25'',6' 8'',75.25,80.0,4.75
1127,Chris Thomas,5' 11.75'',6' 3'',71.75,75.0,3.25
1128,Dijon Thompson,6' 6.25'',6' 9.75'',78.25,81.75,3.5
1129,Ronny Turiaf,6' 8'',7' 1.5'',80.0,85.5,5.5
1130,Charlie Villanueva,6' 9'',7' 0.25'',81.0,84.25,3.25
1131,Hakim Warrick,6' 7.25'',7' 2'',79.25,86.0,6.75
1132,Martell Webster,6' 6'',6' 11'',78.0,83.0,5.0
1133,Robert Whaley,6' 8'',7' 2'',80.0,86.0,6.0
1134,Marvin Williams,6' 7'',7' 3.5'',79.0,87.5,8.5
1135,Deron Williams,6' 1.75'',6' 6.25'',73.75,78.25,4.5
1136,Jawad Williams,6' 7'',7' 1.25'',79.0,85.25,6.25
1137,Antoine Wright,6' 5.25'',6' 8.75'',77.25,80.75,3.5
1138,Bracey Wright,6' 1.25'',6' 10'',73.25,82.0,8.75
1139,Solomon Alabi,6' 11.5'',7' 5'',83.5,89.0,5.5
1140,Cole Aldrich,6' 9'',7' 4.75'',81.0,88.75,7.75
1141,Al-Farouq Aminu,6' 7.25'',7' 3.25'',79.25,87.25,8.0
1142,James Anderson,6' 4.75'',6' 8.5'',76.75,80.5,3.75
1143,Luke Babbitt,6' 7.5'',6' 11.25'',79.5,83.25,3.75
1144,Eric Bledsoe,6' 0.25'',6' 7.5'',72.25,79.5,7.25
1145,Trevor Booker,6' 6.25'',6' 9.75'',78.25,81.75,3.5
1146,Craig Brackins,6' 8.5'',7' 0'',80.5,84.0,3.5
1147,Avery Bradley,6' 2'',6' 7.25'',74.0,79.25,5.25
1148,Derrick Caracter,6' 8.25'',7' 0.25'',80.25,84.25,4.0
1149,Sherron Collins,5' 10.25'',6' 2.5'',70.25,74.5,4.25
1150,DeMarcus Cousins,6' 9.5'',7' 5.75'',81.5,89.75,8.25
1151,Jordan Crawford,6' 3'',6' 7'',75.0,79.0,4.0
1152,Ed Davis,6' 9'',7' 0'',81.0,84.0,3.0
1153,Devin Ebanks,6' 7'',7' 0.25'',79.0,84.25,5.25
1154,Derrick Favors,6' 8.75'',7' 4'',80.75,88.0,7.25
1155,Keith Gallon,6' 8.5'',7' 4.5'',80.5,88.5,8.0
1156,Charles Garcia,6' 8.25'',7' 1.75'',80.25,85.75,5.5
1157,Paul George,6' 7.75'',6' 11.25'',79.75,83.25,3.5
1158,Luke Harangody,6' 6'',6' 9.5'',78.0,81.5,3.5
1159,Manny Harris,6' 4'',6' 7.25'',76.0,79.25,3.25
1160,Gordon Hayward,6' 6.75'',6' 7.75'',78.75,79.75,1.0
1161,Lazar Hayward,6' 4.5'',7' 0.75'',76.5,84.75,8.25
1162,Xavier Henry,6' 5.25'',6' 11.25'',77.25,83.25,6.0
1163,Darington Hobson,6' 5.25'',6' 9.25'',77.25,81.25,4.0
1164,Damion James,6' 6.25'',7' 0.75'',78.25,84.75,6.5
1165,Wesley Johnson,6' 6.25'',7' 1'',78.25,85.0,6.75
1166,Armon Johnson,6' 2'',6' 8'',74.0,80.0,6.0
1167,Dominique Jones,6' 3.25'',6' 9.25'',75.25,81.25,6.0
1168,Jerome Jordan,6' 11.5'',7' 5.25'',83.5,89.25,5.75
1169,Sylven Landesberg,6' 4.75'',6' 9'',76.75,81.0,4.25
1170,Gani Lawal,6' 7.5'',7' 0'',79.5,84.0,4.5
1171,Greg Monroe,6' 9.75'',7' 2.25'',81.75,86.25,4.5
1172,Daniel Orton,6' 8.75'',7' 4.25'',80.75,88.25,7.5
1173,Artsiom Parakhouski,6' 10.25'',7' 1'',82.25,85.0,2.75
1174,Patrick Patterson,6' 8'',7' 1.25'',80.0,85.25,5.25
1175,Dexter Pittman,6' 9.5'',7' 6'',81.5,90.0,8.5
1176,Andy Rautins,6' 4.25'',6' 7'',76.25,79.0,2.75
1177,Ryan Richards,6' 10.5'',7' 1.5'',82.5,85.5,3.0
1178,Stanley Robinson,6' 6.5'',7' 0'',78.5,84.0,5.5
1179,Larry Sanders,6' 9.25'',7' 5.75'',81.25,89.75,8.5
1180,Jon Scheyer,6' 4.75'',6' 3.25'',76.75,75.25,-1.5
1181,Lance Stephenson,6' 4.5'',6' 10.5'',76.5,82.5,6.0
1182,Mikhail Torrance,6' 4'',6' 7.5'',76.0,79.5,3.5
1183,Evan Turner,6' 5.75'',6' 8'',77.75,80.0,2.25
1184,Ekpe Udoh,6' 8.75'',7' 4.5'',80.75,88.5,7.75
1185,Jarvis Varnado,6' 8.25'',7' 3.5'',80.25,87.5,7.25
1186,Greivis Vasquez,6' 5'',6' 7'',77.0,79.0,2.0
1187,John Wall,6' 2.75'',6' 9.25'',74.75,81.25,6.5
1188,Willie Warren,6' 2.5'',6' 6'',74.5,78.0,3.5
1189,Terrico White,6' 3.75'',6' 9'',75.75,81.0,5.25
1190,Hassan Whiteside,6' 10.5'',7' 7'',82.5,91.0,8.5
1191,Jeff Adrien,6' 5.25'',7' 2'',77.25,86.0,8.75
1192,Jeff Ayres,6' 8.75'',7' 1'',80.75,85.0,4.25
1193,Rodrigue Beaubois,6' 1.25'',6' 9.75'',73.25,81.75,8.5
1194,DeJuan Blair,6' 5.25'',7' 2'',77.25,86.0,8.75
1195,Derrick Brown,6' 7.5'',7' 2.5'',79.5,86.5,7.0
1196,Chase Budinger,6' 6.25'',6' 7'',78.25,79.0,0.75
1197,DeMarre Carroll,6' 6.25'',6' 10'',78.25,82.0,3.75
1198,Omri Casspi,6' 7.75'',6' 9.25'',79.75,81.25,1.5
1199,Dionte Christmas,6' 4.25'',6' 9'',76.25,81.0,4.75
1200,Earl Clark,6' 8.5'',7' 2.5'',80.5,86.5,6.0
1201,Darren Collison,6' 0.25'',6' 3'',72.25,75.0,2.75
1202,Dante Cunningham,6' 7'',6' 11'',79.0,83.0,4.0
1203,Stephen Curry,6' 2'',6' 3.5'',74.0,75.5,1.5
1204,Austin Daye,6' 9.75'',7' 2.75'',81.75,86.75,5.0
1205,DeMar DeRozan,6' 5.5'',6' 9'',77.5,81.0,3.5
1206,Toney Douglas,6' 1'',6' 6'',73.0,78.0,5.0
1207,Wayne Ellington,6' 4.25'',6' 6.5'',76.25,78.5,2.25
1208,Tyreke Evans,6' 4'',6' 11.25'',76.0,83.25,7.25
1209,Jonny Flynn,5' 11.25'',6' 4'',71.25,76.0,4.75
1210,Taj Gibson,6' 8.5'',7' 4'',80.5,88.0,7.5
1211,Danny Green,6' 5.25'',6' 10'',77.25,82.0,4.75
1212,Blake Griffin,6' 8.5'',6' 11.25'',80.5,83.25,2.75
1213,Tyler Hansbrough,6' 8.25'',6' 11.5'',80.25,83.5,3.25
1214,James Harden,6' 4'',6' 10.75'',76.0,82.75,6.75
1215,Gerald Henderson,6' 4'',6' 10.25'',76.0,82.25,6.25
1216,Josh Heytvelt,6' 10'',7' 1.25'',82.0,85.25,3.25
1217,Jordan Hill,6' 9.25'',7' 1.5'',81.25,85.5,4.25
1218,Jrue Holiday,6' 3.25'',6' 7'',75.25,79.0,3.75
1219,Joe Ingles,6' 7.75'',6' 10.25'',79.75,82.25,2.5
1220,James Johnson,6' 7'',7' 0.75'',79.0,84.75,5.75
1221,Ty Lawson,5' 11.25'',6' 0.75'',71.25,72.75,1.5
1222,Eric Maynor,6' 2.25'',6' 2.5'',74.25,74.5,0.25
1223,Jack McClinton,5' 11.75'',6' 2.5'',71.75,74.5,2.75
1224,Jerel McNeal,6' 1.5'',6' 7.25'',73.5,79.25,5.75
1225,Jodie Meeks,6' 3'',6' 4.5'',75.0,76.5,1.5
1226,Patty Mills,5' 11.25'',6' 2'',71.25,74.0,2.75
1227,Byron Mullens,6' 11.75'',7' 1.5'',83.75,85.5,1.75
1228,A.J. Price,6' 0.5'',6' 3.75'',72.5,75.75,3.25
1229,Tyler Smith,6' 5.25'',6' 9.75'',77.25,81.75,4.5
1230,DaJuan Summers,6' 7.25'',7' 0.75'',79.25,84.75,5.5
1231,Jermaine Taylor,6' 3.5'',6' 8.75'',75.5,80.75,5.25
1232,Jeff Teague,6' 0.25'',6' 7.5'',72.25,79.5,7.25
1233,Hasheem Thabeet,7' 1.25'',7' 6.25'',85.25,90.25,5.0
1234,Marcus Thornton,6' 2.75'',6' 5'',74.75,77.0,2.25
1235,Terrence Williams,6' 5'',6' 9'',77.0,81.0,4.0
1236,Sam Young,6' 5.25'',6' 10.75'',77.25,82.75,5.5
1237,Kenny Adeleke,6' 6.5'',6' 10.25'',78.5,82.25,3.75
1238,Maurice Ager,6' 3.25'',6' 7.75'',75.25,79.75,4.5
1239,LaMarcus Aldridge,6' 10'',7' 4.75'',82.0,88.75,6.75
1240,Morris Almond,6' 4.75'',6' 10'',76.75,82.0,5.25
1241,Lou Amundson,6' 7.2'',6' 11.5'',79.2,83.5,4.299999999999997
1242,Rashad Anderson,6' 3.25'',6' 7'',75.25,79.0,3.75
1243,Hilton Armstrong,6' 9.5'',7' 4'',81.5,88.0,6.5
1244,James Augustine,6' 8.25'',7' 0.25'',80.25,84.25,4.0
1245,Renaldo Balkman,6' 5.25'',7' 1'',77.25,85.0,7.75
1246,J.P. Batista,6' 7.5'',6' 10'',79.5,82.0,2.5
1247,Will Blalock,5' 11.25'',6' 6'',71.25,78.0,6.75
1248,Brandon Bowman,6' 6.75'',6' 11.5'',78.75,83.5,4.75
1249,Ronnie Brewer,6' 5.75'',6' 11.25'',77.75,83.25,5.5
1250,Denham Brown,6' 4'',6' 9.5'',76.0,81.5,5.5
1251,Brad Buckman,6' 7.25'',7' 0'',79.25,84.0,4.75
1252,Nik Caner-Medley,6' 6.5'',6' 9'',78.5,81.0,2.5
1253,Rodney Carney,6' 4.5'',6' 10'',76.5,82.0,5.5
1254,Keydren Clark,5' 9'',6' 2.5'',69.0,74.5,5.5
1255,Mardy Collins,6' 4.25'',6' 10'',76.25,82.0,5.75
1256,Taquan Dean,6' 2'',6' 6.75'',74.0,78.75,4.75
1257,Terence Dials,6' 7.75'',7' 0'',79.75,84.0,4.25
1258,Sean Dockery,6' 0.75'',6' 4.5'',72.75,76.5,3.75
1259,Jordan Farmar,6' 0.75'',6' 3'',72.75,75.0,2.25
1260,Randy Foye,6' 2.25'',6' 6.25'',74.25,78.25,4.0
1261,Torin Francis,6' 9'',7' 1'',81.0,85.0,4.0
1262,Rudy Gay,6' 7'',7' 3'',79.0,87.0,8.0
1263,Nick George,6' 4'',6' 10'',76.0,82.0,6.0
1264,Taj Gray,6' 7.25'',7' 0.75'',79.25,84.75,5.5
1265,Dan Grunfeld,6' 4.75'',6' 6.25'',76.75,78.25,1.5
1266,Matt Haryasz,6' 9.75'',7' 0.25'',81.75,84.25,2.5
1267,Eric Hicks,6' 4.75'',7' 1.5'',76.75,85.5,8.75
1268,Tedric Hill,6' 7.75'',7' 1'',79.75,85.0,5.25
1269,Daniel Horton,6' 0.5'',6' 7'',72.5,79.0,6.5
1270,Solomon Jones,6' 8.5'',7' 4.75'',80.5,88.75,8.25
1271,Bobby Jones,6' 5.75'',6' 9.5'',77.75,81.5,3.75
1272,Viktor Keyru,6' 5.25'',6' 9.25'',77.25,81.25,4.0
1273,Marco Killingsworth,6' 5.5'',7' 3'',77.5,87.0,9.5
1274,Tarence Kinsey,6' 4.75'',6' 6.75'',76.75,78.75,2.0
1275,Carl Krauser,5' 11.75'',6' 6.25'',71.75,78.25,6.5
1276,Chris McCray,6' 3'',6' 5.75'',75.0,77.75,2.75
1277,Gerry McNamara,5' 11.75'',6' 0.75'',71.75,72.75,1.0
1278,Pops Mensah-Bonsu,6' 7.5'',7' 0'',79.5,84.0,4.5
1279,Paul Miller,6' 8.5'',7' 0'',80.5,84.0,3.5
1280,Paul Millsap,6' 6.25'',7' 1.5'',78.25,85.5,7.25
1281,Dwayne Mitchell,6' 2'',6' 6.5'',74.0,78.5,4.5
1282,Adam Morrison,6' 6.5'',6' 10'',78.5,82.0,3.5
1283,Yemi Nicholson,6' 7.75'',7' 4.25'',79.75,88.25,8.5
1284,David Noel,6' 4.5'',6' 9.5'',76.5,81.5,5.0
1285,Steve Novak,6' 8'',6' 9.5'',80.0,81.5,1.5
1286,Patrick O'Bryant,6' 11'',7' 5.75'',83.0,89.75,6.75
1287,Danilo Pinnock,6' 2.75'',6' 7.5'',74.75,79.5,4.75
1288,Chris Quinn,6' 0.5'',6' 5'',72.5,77.0,4.5
1289,Allan Ray,6' 1'',6' 8.5'',73.0,80.5,7.5
1290,JJ Redick,6' 4'',6' 3.25'',76.0,75.25,-0.75
1291,Antywane Robinson,6' 6.25'',7' 2.5'',78.25,86.5,8.25
1292,Brandon Roy,6' 5.25'',6' 8'',77.25,80.0,2.75
1293,Blake Schilb,6' 5.25'',6' 8.75'',77.25,80.75,3.5
1294,Mouhamed Sene,6' 11'',7' 8.5'',83.0,92.5,9.5
1295,Cedric Simmons,6' 8.25'',7' 4.25'',80.25,88.25,8.0
1296,Marcus Slaughter,6' 7'',6' 11.5'',79.0,83.5,4.5
1297,Craig Smith,6' 5.5'',6' 9.5'',77.5,81.5,4.0
1298,Steven Smith,6' 7.5'',7' 0.5'',79.5,84.5,5.0
1299,Michael Southhall,6' 9.5'',7' 4.25'',81.5,88.25,6.75
1300,Frans Steyn,7' 1.25'',7' 2.25'',85.25,86.25,1.0
1301,Curtis Stinson,6' 1.75'',6' 5'',73.75,77.0,3.25
1302,Tyrus Thomas,6' 7.25'',7' 3'',79.25,87.0,7.75
1303,Joah Tucker,6' 3.75'',6' 6.5'',75.75,78.5,2.75
1304,Ian Vouyoukas,6' 8.5'',7' 0.75'',80.5,84.75,4.25
1305,Darius Washington,5' 11.5'',6' 4'',71.5,76.0,4.5
1306,CJ Watson,6' 0.5'',6' 6'',72.5,78.0,5.5
1307,Eric Williams,6' 7.25'',7' 4.25'',79.25,88.25,9.0
1308,Shelden Williams,6' 7.5'',7' 4.25'',79.5,88.25,8.75
1309,Shawne Williams,6' 7.25'',7' 3'',79.25,87.0,7.75
1310,Marcus Williams,6' 2'',6' 7'',74.0,79.0,5.0
1311,Justin Williams,6' 7.25'',7' 1.5'',79.25,85.5,6.25
1312,Curtis Withers,6' 6'',6' 10'',78.0,82.0,4.0
