,,,,,,,,Position Estimate,Position Estimate,Position Estimate,Position Estimate,Position Estimate,+/- Per 100 Poss,+/- Per 100 Poss,Turnovers,Turnovers,Fouls Committed,Fouls Committed,Fouls Drawn,Fouls Drawn,Misc.,Misc.,Misc.,,-additional
Rk,Player,Age,Team,Pos,G,GS,MP,PG%,SG%,SF%,PF%,C%,OnCourt,On-Off,BadPass,LostBall,Shoot,Off.,Shoot,Off.,PGA,And1,Blkd,Awards,-9999
1,Bradley Beal,25,WAS,SG,82,82,3028,6,77,17,0,0,-2.4,2.5,124,66,103,21,185,27,1084,41,64,AS,bealbr01
2,James Harden,29,HOU,PG,78,78,2867,58,42,0,0,0,6.6,5.5,214,108,76,43,358,22,1390,76,112,MVP-2ASNBA1,hardeja01
3,Kemba Walker,28,CHO,PG,82,82,2863,100,0,0,0,0,0.4,6.2,123,75,64,5,186,62,1164,40,126,ASNBA3,walkeke02
4,Tobias Harris,26,2TM,PF,82,82,2847,0,0,2,91,7,0.3,-2.2,64,51,103,22,132,5,548,34,59,,harrito02
4,Tobias Harris,26,LAC,PF,55,55,1903,0,0,2,93,5,0.1,-1.8,44,41,68,15,96,3,370,28,42,,harrito02
4,Tobias Harris,26,PHI,PF,27,27,944,0,0,2,86,11,0.7,-3.0,20,10,35,7,36,2,178,6,17,,harrito02
5,Paul George,28,OKC,SF,77,77,2841,0,0,91,9,0,7.8,16.5,102,65,61,27,208,30,760,56,77,MVP-3DPOY-3ASNBA1DEF1,georgpa01
6,Damian Lillard,28,POR,PG,80,80,2838,100,0,0,0,0,7.7,13.7,151,40,60,9,162,33,1267,35,90,MVP-6ASNBA2,lillada01
7,P.J. Tucker,33,HOU,PF,82,82,2802,0,0,11,83,6,4.8,-0.9,30,5,122,18,12,35,247,1,16,,tuckepj01
8,Kevin Durant,30,GSW,SF,78,78,2702,0,0,21,69,10,11.8,16.1,126,58,79,21,211,14,1108,46,38,MVP-8ASNBA2,duranke01
9,Ben Simmons,22,PHI,PG,79,79,2700,80,20,0,0,0,2.4,-1.6,148,62,83,35,183,4,1480,45,57,AS,simmobe01
10,DeMar DeRozan,29,SAS,SG,77,77,2688,0,20,75,4,0,0.5,-5.1,94,75,79,14,213,16,1146,62,98,,derozde01
11,LaMarcus Aldridge,33,SAS,C,81,81,2687,0,0,0,5,95,1.6,-1.8,28,55,102,39,183,5,459,49,45,AS,aldrila01
12,Steven Adams,25,OKC,C,80,80,2669,0,0,0,0,100,6.1,9.5,44,41,73,31,110,13,297,20,50,,adamsst01
13,Klay Thompson,28,GSW,SG,78,78,2652,7,80,13,1,0,6.9,0.4,51,31,73,16,70,10,421,10,40,ASDEF2,thompkl01
14,Andre Drummond,25,DET,C,79,79,2647,0,0,0,0,100,3.0,10.0,39,63,116,43,193,13,274,37,90,,drumman01
15,Aaron Gordon,23,ORL,PF,78,78,2633,0,0,40,60,0,1.9,2.6,69,34,67,34,129,10,677,39,52,,gordoaa01
16,Russell Westbrook,30,OKC,PG,73,73,2630,52,47,1,0,0,4.7,5.0,223,66,78,24,205,15,1862,45,68,MVP-10ASNBA3,westbru01
17,Blake Griffin,29,DET,PF,75,75,2622,0,0,0,93,7,0.4,2.1,122,62,70,39,218,48,1007,55,72,ASNBA3,griffbl01
18,Buddy Hield,26,SAC,SG,82,82,2615,6,92,2,0,0,-0.4,1.7,70,51,86,13,67,15,483,17,54,,hieldbu01
19,Jerami Grant,24,OKC,PF,80,77,2612,0,0,0,99,1,4.8,5.2,16,19,110,21,115,38,204,34,63,,grantje01
20,Justin Holiday,29,2TM,SG,82,77,2607,0,53,46,1,0,-8.1,-3.7,71,21,75,4,37,20,345,10,32,,holidju01
20,Justin Holiday,29,CHI,SG,38,38,1325,0,64,35,1,0,-11.6,-4.4,33,9,36,3,16,11,197,3,16,,holidju01
20,Justin Holiday,29,MEM,SG,44,39,1282,0,42,56,2,0,-4.6,-3.0,38,12,39,1,21,9,148,7,16,,holidju01
21,Collin Sexton,20,CLE,PG,82,72,2605,100,0,0,0,0,-12.8,-8.0,69,62,75,21,94,37,579,17,101,ROY-5,sextoco01
22,Donovan Mitchell,22,UTA,SG,77,77,2598,29,71,1,0,0,6.6,3.9,115,66,79,21,149,11,805,30,96,,mitchdo01
23,Rudy Gobert,26,UTA,C,81,80,2577,0,0,0,0,100,6.8,4.3,30,41,120,33,230,24,393,49,56,MVP-11DPOY-1NBA3DEF1,goberru01
24,Bojan Bogdanović,29,IND,SF,81,81,2573,0,2,94,4,0,3.2,-0.5,60,34,59,9,120,9,381,25,88,,bogdabo02
25,Joe Ingles,31,UTA,PF,82,82,2568,0,0,35,66,0,7.5,6.2,123,39,56,18,32,16,1063,9,31,,inglejo01
26,Evan Fournier,26,ORL,SG,81,81,2553,0,90,10,0,0,1.9,2.3,94,34,93,11,70,17,701,30,48,,fournev01
27,Pascal Siakam,24,TOR,PF,80,79,2548,0,0,0,91,9,11.1,14.4,63,46,75,31,149,5,624,47,42,MIP-1,siakapa01
28,De'Aaron Fox,21,SAC,PG,81,81,2546,95,5,0,0,0,1.1,5.7,144,56,79,13,193,45,1400,52,80,,foxde01
29,Karl-Anthony Towns,23,MIN,C,77,77,2545,0,0,0,0,100,0.2,4.9,87,41,108,68,190,13,597,55,77,AS,townska01
30,Andrew Wiggins,23,MIN,SF,73,73,2543,0,32,68,1,0,-1.0,1.4,50,53,93,16,137,11,454,29,88,,wiggian01
31,Josh Richardson,25,MIA,SG,73,73,2539,1,41,55,3,0,1.7,5.1,56,25,77,17,72,25,715,7,63,,richajo01
32,Harrison Barnes,26,2TM,PF,77,77,2533,0,0,35,65,0,-1.4,-0.1,37,33,54,14,109,12,287,25,49,,barneha02
32,Harrison Barnes,26,DAL,PF,49,49,1584,0,0,18,82,0,-2.6,-1.4,24,27,33,10,75,8,158,19,36,,barneha02
32,Harrison Barnes,26,SAC,SF,28,28,949,0,0,62,38,0,0.7,2.2,13,6,21,4,34,4,129,6,13,,barneha02
33,Nikola Vučević,28,ORL,C,80,80,2510,0,0,0,0,100,4.1,8.3,67,41,91,16,93,6,744,24,60,AS,vucevni01
34,Nikola Jokić,23,DEN,C,80,80,2504,0,0,0,0,100,4.9,3.2,131,65,94,30,135,17,1333,44,67,MVP-4ASNBA1,jokicni01
35,Trae Young,20,ATL,PG,81,81,2503,100,0,0,0,0,-6.7,-2.0,203,64,53,18,151,27,1569,36,98,ROY-2,youngtr01
36,Thaddeus Young,30,IND,PF,81,81,2489,0,0,0,100,0,3.0,-0.9,61,33,90,15,66,28,478,19,51,,youngth01
37,Jayson Tatum,20,BOS,SF,79,79,2455,0,11,79,11,0,6.5,4.6,41,43,79,23,91,3,412,20,49,,tatumja01
38,D'Angelo Russell,22,BRK,PG,81,81,2448,87,13,0,0,0,-0.1,0.1,150,74,54,14,65,11,1322,14,44,AS,russeda01
39,Jamal Murray,21,DEN,PG,75,74,2447,73,27,0,0,0,4.8,2.8,84,46,70,14,67,22,861,11,51,,murraja01
40,Cedi Osman,23,CLE,SF,76,75,2444,0,0,45,55,0,-13.0,-7.5,63,28,87,6,75,17,471,24,49,,osmande01
41,Marc Gasol,34,2TM,C,79,72,2436,0,0,0,0,100,2.9,4.4,71,42,116,27,94,38,840,26,36,,gasolma01
41,Marc Gasol,34,MEM,C,53,53,1788,0,0,0,0,100,-1.3,2.3,50,37,78,20,71,23,587,21,27,,gasolma01
41,Marc Gasol,34,TOR,C,26,19,648,0,0,0,0,100,14.5,10.3,21,5,38,7,23,15,253,5,9,,gasolma01
42,Mikal Bridges,22,PHO,SF,82,56,2417,0,6,50,44,0,-7.2,4.7,41,16,93,7,56,11,393,20,32,,bridgmi01
43,Jrue Holiday,28,NOP,SG,67,67,2402,5,67,28,0,0,4.4,14.5,139,47,59,8,116,10,1197,36,65,DEF2,holidjr01
44,Khris Middleton,27,MIL,SF,77,77,2393,0,6,84,9,0,10.0,3.8,90,52,62,18,101,10,770,20,61,AS,middlkh01
45,JJ Redick,34,PHI,SG,76,63,2379,7,82,11,0,0,5.3,5.9,49,26,65,12,72,16,470,14,20,,redicjj01
46,CJ McCollum,27,POR,SG,70,70,2375,0,71,29,1,0,6.3,6.1,51,21,81,15,83,10,499,18,64,,mccolcj01
47,Giannis Antetokounmpo,24,MIL,PF,72,72,2358,0,0,0,73,27,12.1,8.8,80,65,67,68,347,6,1093,103,100,MVP-1DPOY-2ASNBA1DEF1,antetgi01
48,Nicolas Batum,30,CHO,SF,75,72,2354,0,10,82,8,0,-0.3,2.6,82,19,42,9,31,11,599,10,19,,batumni01
49,Trevor Ariza,33,2TM,SF,69,69,2349,0,2,70,28,0,-7.1,-2.2,67,19,57,9,78,16,591,25,33,,arizatr01
49,Trevor Ariza,33,PHO,SF,26,26,884,0,0,62,38,0,-15.1,-7.9,19,10,16,5,19,6,208,5,13,,arizatr01
49,Trevor Ariza,33,WAS,SF,43,43,1465,0,4,74,21,1,-2.2,1.2,48,9,41,4,59,10,383,20,20,,arizatr01
50,Mike Conley,31,MEM,PG,70,70,2342,100,0,0,0,0,0.0,6.2,88,34,53,5,158,41,1041,48,44,,conlemi01
51,Stephen Curry,30,GSW,PG,69,69,2331,98,2,0,0,0,13.2,16.2,112,50,65,14,108,23,843,31,36,MVP-5ASNBA1,curryst01
52,Brook Lopez,30,MIL,C,81,81,2322,0,0,0,0,100,10.7,5.3,32,16,111,18,73,2,241,21,15,,lopezbr01
53,Luka Dončić,19,DAL,SG,72,72,2318,8,71,21,0,0,-3.3,-3.7,161,48,56,17,177,16,1048,44,52,ROY-1,doncilu01
54,Dennis Schröder,25,OKC,PG,79,14,2314,100,0,0,0,0,3.0,-0.3,118,40,75,9,97,39,765,21,78,6MOY-8,schrode01
55,Kyle Kuzma,23,LAL,PF,70,68,2314,0,0,3,83,15,-1.2,1.5,47,37,72,25,101,10,418,22,68,,kuzmaky01
56,Bryn Forbes,25,SAS,SG,82,81,2293,24,75,2,0,0,0.8,-3.2,37,26,78,9,40,10,400,19,36,,forbebr01
57,Joe Harris,27,BRK,SG,76,76,2293,0,42,52,6,0,-2.0,-4.3,63,30,78,18,48,16,436,9,67,,harrijo01
58,Al-Farouq Aminu,28,POR,PF,81,81,2292,0,0,0,99,1,8.1,10.0,29,15,58,14,72,15,243,13,29,,aminual01
59,Reggie Jackson,28,DET,PG,82,82,2289,92,8,0,0,0,1.0,3.2,88,29,72,19,75,18,821,25,40,,jacksre01
60,Eric Bledsoe,29,MIL,PG,78,78,2272,99,1,0,0,0,10.6,5.0,94,46,46,14,121,15,1026,37,50,DEF1,bledser01
61,D.J. Augustin,31,ORL,PG,81,81,2269,100,0,0,0,0,3.1,4.8,82,29,38,11,69,36,994,11,42,,augusdj01
62,Jeremy Lamb,26,CHO,SG,79,55,2250,0,77,23,0,0,0.6,4.5,41,17,72,9,126,22,414,31,45,,lambje01
63,Clint Capela,24,HOU,C,67,67,2249,0,0,0,0,100,6.2,2.7,22,34,66,16,131,9,243,34,62,,capelca01
64,Devin Booker,22,PHO,SG,64,64,2242,15,78,7,0,0,-7.4,3.9,153,69,70,27,187,19,1032,42,76,,bookede01
65,Julius Randle,24,NOP,PF,73,49,2232,0,0,3,72,26,-0.3,2.3,62,68,97,52,232,8,555,65,91,,randlju01
66,Danny Green,31,TOR,SG,80,80,2216,0,68,31,1,0,13.7,17.6,42,14,82,5,12,17,305,0,17,,greenda02
67,Jordan Clarkson,26,CLE,SG,81,0,2214,6,83,11,0,0,-8.5,3.8,63,44,38,16,87,10,486,22,55,,clarkjo01
68,Kyrie Irving,26,BOS,PG,67,67,2214,80,20,0,0,0,6.1,3.3,100,47,64,12,93,25,1093,27,45,ASNBA2,irvinky01
69,Willie Cauley-Stein,25,SAC,C,81,81,2213,0,0,0,0,100,0.7,3.8,30,27,132,11,109,9,458,32,74,,caulewi01
70,Kyle Lowry,32,TOR,PG,65,65,2213,70,30,0,0,0,11.2,12.2,135,24,60,11,69,48,1282,18,30,AS,lowryky01
71,Marcus Smart,24,BOS,SG,80,60,2200,8,88,5,0,0,4.7,0.0,81,20,85,11,49,32,763,10,13,DPOY-8DEF1,smartma01
72,Jimmy Butler,29,2TM,SG,65,65,2185,0,12,77,12,0,4.0,4.2,44,21,47,16,155,5,632,35,43,,butleji01
72,Jimmy Butler,29,MIN,SG,10,10,361,0,38,62,0,0,-8.7,-7.9,5,3,8,4,28,0,105,5,7,,butleji01
72,Jimmy Butler,29,PHI,SF,55,55,1824,0,6,80,14,0,6.5,6.6,39,18,39,12,127,5,527,30,36,,butleji01
73,Deandre Ayton,20,PHO,C,71,70,2183,0,0,0,0,100,-8.2,1.8,32,41,135,24,90,2,310,24,43,ROY-3,aytonde01
74,Shai Gilgeous-Alexander,20,LAC,PG,82,73,2174,50,49,2,0,0,-1.9,-6.4,82,26,81,16,85,9,654,21,67,ROY-6,gilgesh01
75,Zach LaVine,23,CHI,SG,63,62,2171,0,43,55,2,0,-7.4,2.8,109,65,60,10,172,6,653,43,99,,lavinza01
76,Jae Crowder,28,UTA,SF,80,11,2166,0,2,64,33,0,4.2,-2.6,45,17,75,12,78,18,328,18,27,6MOY-11,crowdja01
77,Tomáš Satoranský,27,WAS,PG,80,54,2164,82,18,0,0,0,-1.3,3.4,79,27,82,4,63,14,949,10,24,,satorto01
78,Montrezl Harrell,25,LAC,C,82,5,2158,0,0,0,4,96,2.1,2.3,48,41,136,26,202,30,381,70,72,6MOY-3,harremo01
79,Kevin Knox,19,NYK,PF,75,57,2158,0,1,55,44,0,-14.1,-10.8,30,39,104,12,114,4,203,19,60,,knoxke01
80,Eric Gordon,30,HOU,SG,68,53,2158,1,52,47,0,0,7.8,6.0,38,30,75,7,67,3,318,16,68,,gordoer01
81,Joel Embiid,24,PHI,C,64,64,2154,0,0,0,0,100,7.7,10.5,79,78,107,40,257,5,562,50,76,MVP-7DPOY-4ASNBA2DEF2,embiijo01
82,Terrence Ross,27,ORL,SG,81,0,2150,0,34,66,0,0,0.1,-2.0,59,16,56,8,50,6,314,15,24,6MOY-5,rosste01
83,Darren Collison,31,IND,PG,76,76,2143,100,0,0,0,0,2.1,-2.8,78,28,49,9,67,11,1067,10,33,,collida01
84,Patrick Beverley,30,LAC,PG,78,49,2137,100,0,0,0,0,3.8,6.0,54,11,92,6,33,42,719,8,26,DPOY-9,beverpa01
85,Marvin Williams,32,CHO,PF,75,75,2133,0,0,0,78,22,-0.6,1.7,16,14,76,12,27,4,224,3,21,,willima02
86,Myles Turner,22,IND,C,74,74,2119,0,0,0,0,100,2.7,-1.3,40,27,105,23,92,11,267,25,33,DPOY-5,turnemy01
87,Jeff Green,32,WAS,PF,77,44,2097,0,0,1,79,21,-2.6,0.6,39,32,89,16,105,25,331,26,25,,greenje02
88,Jarrett Allen,20,BRK,C,80,80,2096,0,0,0,0,100,-2.7,-5.3,38,26,112,26,125,11,283,22,48,DPOY-9,allenja01
89,Marcus Morris,29,BOS,PF,75,53,2091,0,0,0,97,3,2.3,-5.0,31,26,100,16,73,10,259,18,36,,morrima03
90,Wesley Matthews,32,3TM,SF,69,68,2091,1,50,49,0,0,-2.5,-2.9,50,26,82,5,55,26,380,6,30,,matthwe02
90,Wesley Matthews,32,DAL,SF,44,44,1312,0,27,73,0,0,-1.7,0.1,35,14,51,4,36,15,241,3,23,,matthwe02
90,Wesley Matthews,32,NYK,SG,2,1,54,0,77,23,0,0,-2.0,7.3,0,2,1,0,1,1,12,0,1,,matthwe02
90,Wesley Matthews,32,IND,SG,23,23,725,3,91,7,0,0,-4.0,-9.0,15,10,30,1,18,10,127,3,6,,matthwe02
91,Draymond Green,28,GSW,PF,66,66,2065,0,0,59,39,2,10.5,7.8,127,19,93,16,38,22,1069,12,17,DPOY-6DEF2,greendr01
92,Cory Joseph,27,IND,PG,82,9,2063,55,45,0,0,0,5.6,4.8,57,9,65,3,14,24,748,3,22,,josepco01
93,Danilo Gallinari,30,LAC,SF,68,68,2059,0,0,57,43,0,1.9,1.9,51,19,55,14,139,21,419,27,41,,gallida01
94,Tim Hardaway Jr.,26,2TM,SG,65,63,2057,3,72,25,1,0,-9.2,-2.7,53,36,56,10,104,31,387,28,54,,hardati02
94,Tim Hardaway Jr.,26,NYK,SG,46,46,1499,0,70,29,1,0,-10.1,-1.5,39,33,48,4,83,25,294,19,46,,hardati02
94,Tim Hardaway Jr.,26,DAL,SG,19,17,558,10,77,13,0,0,-6.8,-5.9,14,3,8,6,21,6,93,9,8,,hardati02
95,Kevin Huerter,20,ATL,SG,75,59,2048,1,73,25,0,0,-3.0,6.0,73,20,70,7,24,5,524,6,29,,huertke01
96,DeAndre Jordan,30,2TM,C,69,69,2047,0,0,0,0,100,-5.7,-2.2,78,27,86,30,102,4,364,19,31,,jordade01
96,DeAndre Jordan,30,DAL,C,50,50,1554,0,0,0,0,100,-1.2,0.9,52,21,60,25,71,3,229,13,22,,jordade01
96,DeAndre Jordan,30,NYK,C,19,19,493,0,0,0,2,98,-19.7,-11.9,26,6,26,5,31,1,135,6,9,,jordade01
97,Kawhi Leonard,27,TOR,SF,60,60,2040,0,1,87,12,0,8.5,5.3,43,49,33,11,181,7,501,48,49,MVP-9DPOY-6ASNBA2DEF2,leonaka01
98,Garrett Temple,32,2TM,SG,75,55,2040,0,56,44,1,0,-1.7,-0.2,37,16,73,9,42,13,248,10,23,,templga01
98,Garrett Temple,32,MEM,SG,49,49,1530,0,68,31,1,0,-3.0,-0.7,29,11,48,8,29,10,160,7,17,,templga01
98,Garrett Temple,32,LAC,SG,26,6,510,0,18,82,0,0,2.1,1.2,8,5,25,1,13,3,88,3,6,,templga01
99,Kentavious Caldwell-Pope,25,LAL,SG,82,23,2035,27,66,8,0,0,-3.7,-3.9,34,20,50,5,48,42,251,14,18,,caldwke01
100,Austin Rivers,26,2TM,SG,76,15,2028,12,83,5,0,0,2.6,0.3,30,21,96,5,47,26,422,14,24,,riverau01
100,Austin Rivers,26,WAS,SG,29,2,683,13,82,5,0,0,-2.3,0.8,15,12,31,3,23,9,140,8,10,,riverau01
100,Austin Rivers,26,HOU,SG,47,13,1345,11,84,6,0,0,5.1,0.0,15,9,65,2,24,17,282,6,14,,riverau01
101,Dario Šarić,24,2TM,PF,81,41,2023,0,0,0,91,9,-1.6,-0.9,36,28,94,14,77,7,299,25,40,,saricda01
101,Dario Šarić,24,PHI,PF,13,13,396,0,0,0,95,5,-2.8,-6.4,9,5,15,5,11,2,64,2,11,,saricda01
101,Dario Šarić,24,MIN,PF,68,28,1627,0,0,0,90,10,-1.3,0.4,27,23,79,9,66,5,235,23,29,,saricda01
102,Serge Ibaka,29,TOR,C,74,51,2010,0,0,0,3,97,6.4,1.1,16,32,91,36,79,0,257,16,30,,ibakase01
103,Damyean Dotson,24,NYK,SG,73,40,2004,3,35,60,3,0,-8.0,2.4,40,18,65,6,36,9,337,6,16,,dotsoda01
104,Jonathan Isaac,21,ORL,PF,75,64,1996,0,0,0,100,1,1.7,1.3,37,19,85,10,62,14,183,12,28,,isaacjo01
105,Lou Williams,32,LAC,SG,75,1,1993,15,65,20,0,0,2.9,3.9,123,44,32,2,183,8,917,44,73,6MOY-1,willilo02
106,Josh Jackson,21,PHO,SG,79,29,1988,0,42,54,4,0,-9.7,-1.3,101,27,88,23,104,31,396,16,71,,jacksjo02
107,Dorian Finney-Smith,25,DAL,SF,81,26,1985,0,2,68,30,0,-2.1,-0.8,33,15,86,13,44,11,236,13,32,,finnedo01
108,Jusuf Nurkić,24,POR,C,72,72,1974,0,0,0,1,99,10.1,12.4,63,39,130,46,162,9,528,31,66,,nurkiju01
109,Al Horford,32,BOS,C,68,68,1973,0,0,0,8,92,6.1,2.7,47,25,77,13,46,6,689,21,29,,horfoal01
110,Monte Morris,23,DEN,PG,82,6,1970,99,1,0,0,0,3.7,0.0,31,8,44,2,35,11,719,13,39,6MOY-9,morrimo01
111,Ryan Arcidiacono,24,CHI,PG,81,32,1961,96,4,0,0,0,-6.2,4.8,33,15,67,10,38,26,633,6,17,,arcidry01
112,Justise Winslow,22,MIA,SF,66,52,1959,0,1,63,36,0,3.4,7.1,94,30,68,14,70,12,680,11,43,,winslju01
113,Bogdan Bogdanović,26,SAC,SG,70,17,1947,2,40,55,3,0,-0.9,0.1,69,27,65,10,53,17,633,14,39,,bogdabo01
114,LeBron James,34,LAL,SF,55,55,1937,0,0,64,34,3,2.4,8.2,127,44,41,16,195,9,1054,59,52,MVP-11ASNBA3,jamesle01
115,Kelly Oubre Jr.,23,2TM,SF,69,19,1935,0,6,75,19,0,-6.4,0.7,33,43,65,13,122,28,196,35,72,,oubreke01
115,Kelly Oubre Jr.,23,WAS,SF,29,7,755,0,2,84,14,0,-7.9,-6.2,8,13,32,4,45,15,49,14,27,,oubreke01
115,Kelly Oubre Jr.,23,PHO,SF,40,12,1180,0,9,70,22,0,-5.4,5.2,25,30,33,9,77,13,147,21,45,,oubreke01
116,DeAndre' Bembry,24,ATL,SG,82,15,1931,0,30,68,2,0,-4.9,2.0,72,45,86,9,62,21,496,17,45,,bembrde01
117,Terrance Ferguson,20,OKC,SG,74,74,1931,0,73,26,1,0,3.5,0.8,18,13,106,7,20,19,177,2,13,,fergute01
118,Spencer Dinwiddie,25,BRK,PG,68,4,1914,44,54,2,0,0,-2.6,-4.7,83,32,63,24,158,32,747,39,36,6MOY-4,dinwisp01
119,Bam Adebayo,21,MIA,C,82,28,1913,0,0,0,1,99,0.7,1.6,35,35,91,33,98,8,458,30,31,,adebaba01
120,Jaylen Brown,22,BOS,SG,74,25,1913,1,58,41,0,0,2.8,-3.7,28,36,76,17,100,9,243,22,43,,brownja02
121,Patty Mills,30,SAS,PG,82,1,1908,100,0,0,0,0,5.0,5.6,58,25,51,5,31,35,580,5,12,,millspa02
122,Avery Bradley,28,2TM,SG,63,63,1905,0,68,31,0,0,-1.8,-3.2,59,13,71,5,19,27,353,5,48,,bradlav01
122,Avery Bradley,28,LAC,SG,49,49,1463,0,64,36,0,0,-2.0,-4.6,43,7,53,4,8,18,225,3,32,,bradlav01
122,Avery Bradley,28,MEM,SG,14,14,442,1,85,14,0,0,-1.2,1.5,16,6,18,1,11,9,128,2,16,,bradlav01
123,Ricky Rubio,28,UTA,PG,68,67,1899,100,0,0,0,0,6.2,1.6,122,34,69,4,69,31,979,13,29,,rubiori01
124,Paul Millsap,33,DEN,PF,70,65,1895,0,0,20,80,0,8.5,9.2,34,35,103,12,103,13,342,21,51,,millspa01
125,Rodney Hood,26,2TM,SG,72,49,1893,0,25,68,6,0,-7.1,-2.6,23,16,58,10,69,14,302,13,19,,hoodro01
125,Rodney Hood,26,CLE,SG,45,45,1234,0,28,65,7,0,-12.4,-3.3,15,10,43,8,49,7,223,8,11,,hoodro01
125,Rodney Hood,26,POR,SG,27,4,659,0,21,75,5,0,2.7,-1.5,8,6,15,2,20,7,79,5,8,,hoodro01
126,Dwyane Wade,37,MIA,SG,72,2,1885,11,70,18,0,0,-2.1,-3.8,113,34,62,9,106,3,704,17,34,6MOY-7AS,wadedw01
127,Malik Beasley,22,DEN,SG,81,18,1879,3,60,37,0,0,2.8,-1.7,22,23,55,3,29,10,225,10,34,6MOY-11,beaslma01
128,Reggie Bullock,27,2TM,SG,63,60,1879,5,29,61,4,0,-1.4,-0.6,34,18,59,7,24,10,307,8,23,,bullore01
128,Reggie Bullock,27,DET,SG,44,44,1355,0,24,72,4,0,0.4,1.2,28,14,44,6,19,8,262,6,21,,bullore01
128,Reggie Bullock,27,LAL,SG,19,16,524,17,44,34,6,0,-6.2,-5.0,6,4,15,1,5,2,45,2,2,,bullore01
129,Gordon Hayward,28,BOS,PF,72,18,1863,0,0,41,59,1,4.7,0.0,48,24,37,25,71,9,592,15,27,,haywago01
130,Chris Paul,33,HOU,PG,58,58,1857,100,0,0,0,0,7.4,4.5,114,22,50,12,35,7,1181,15,15,,paulch01
131,Anthony Davis,25,NOP,C,56,56,1850,0,0,0,4,96,3.2,8.6,44,35,84,15,175,14,516,43,40,AS,davisan02
132,Rudy Gay,32,SAS,PF,69,51,1842,0,0,31,69,0,4.1,3.5,62,37,69,11,68,13,421,18,35,,gayru01
133,Domantas Sabonis,22,IND,C,74,5,1838,0,0,0,24,76,4.9,2.9,56,32,104,47,131,4,493,41,33,6MOY-2,sabondo01
134,Malcolm Brogdon,26,MIL,SG,64,64,1832,9,84,7,0,0,10.9,4.5,50,22,44,8,62,6,500,11,60,,brogdma01
135,John Collins,21,ATL,PF,61,59,1829,0,0,0,82,18,-2.3,6.6,37,39,107,27,137,7,288,45,65,,collijo01
136,Marco Belinelli,32,SAS,SG,79,1,1815,1,66,33,0,0,1.8,-0.7,39,21,53,3,48,11,321,13,18,,belinma01
137,Kelly Olynyk,27,MIA,PF,79,36,1812,0,0,0,84,16,2.2,4.3,47,25,96,27,55,25,348,21,23,,olynyke01
138,Landry Shamet,21,2TM,SG,79,27,1802,2,38,55,5,0,1.9,-0.7,29,6,80,4,33,17,275,13,16,,shamela01
138,Landry Shamet,21,PHI,SG,54,4,1108,3,48,42,8,0,-0.3,-4.5,16,3,56,2,22,13,139,10,4,,shamela01
138,Landry Shamet,21,LAC,SG,25,23,694,0,23,77,0,0,5.4,5.3,13,3,24,2,11,4,136,3,12,,shamela01
139,Larry Nance Jr.,26,CLE,C,67,30,1795,0,0,0,35,65,-9.6,1.0,45,22,89,17,55,8,520,15,24,,nancela02
140,Terry Rozier,24,BOS,PG,79,14,1791,100,0,0,0,0,-0.5,-9.5,35,18,35,5,36,18,569,5,26,,roziete01
141,Nemanja Bjelica,30,SAC,PF,77,70,1788,0,0,0,98,1,2.3,5.9,30,23,113,15,40,2,350,11,36,,bjeline01
142,Derrick Favors,27,UTA,C,76,70,1766,0,0,0,42,58,5.5,0.4,34,17,94,19,112,3,222,28,41,,favorde01
143,Fred VanVleet,24,TOR,PG,64,28,1760,100,0,0,0,0,8.2,4.1,55,18,51,5,48,10,731,15,39,,vanvlfr01
144,Brandon Ingram,21,LAL,SF,52,52,1760,0,34,47,19,0,-2.0,-0.2,51,42,54,22,137,14,356,35,50,,ingrabr01
145,Josh Okogie,20,MIN,SG,74,52,1757,2,90,9,0,0,-0.6,1.7,30,17,68,4,69,46,204,10,33,ROY-8,okogijo01
146,Darius Miller,28,NOP,SF,69,15,1757,0,0,63,37,0,0.2,2.8,40,5,68,4,28,11,336,10,15,,milleda01
147,Langston Galloway,27,DET,SG,80,4,1745,1,93,5,0,0,0.7,1.8,15,5,56,3,35,11,205,12,26,,gallola01
148,Mason Plumlee,28,DEN,C,82,17,1731,0,0,0,32,68,2.5,-2.2,59,20,117,29,81,11,569,19,34,,plumlma01
149,Derrick White,24,SAS,PG,67,55,1728,83,17,0,0,0,5.5,6.0,61,19,70,7,54,28,598,12,33,,whitede01
150,Jabari Parker,23,2TM,PF,64,17,1724,0,0,16,84,0,-5.9,0.4,75,39,69,16,91,5,369,29,54,,parkeja01
150,Jabari Parker,23,CHI,PF,39,17,1042,0,0,2,97,0,-10.3,-2.2,47,19,43,7,52,3,208,19,37,,parkeja01
150,Jabari Parker,23,WAS,PF,25,0,682,0,0,36,64,0,0.8,4.5,28,20,26,9,39,2,161,10,17,,parkeja01
151,Noah Vonleh,23,NYK,PF,68,57,1722,0,0,0,73,27,-7.7,2.6,22,23,75,25,62,15,315,17,31,,vonleno01
152,Josh Hart,23,LAL,SG,67,22,1715,10,59,30,1,0,0.2,3.6,25,15,65,7,36,17,231,14,31,,hartjo01
153,DeMarre Carroll,32,BRK,PF,67,8,1703,0,0,23,72,5,1.7,3.3,25,28,49,10,97,10,205,14,33,,carrode01
154,Delon Wright,26,2TM,PG,75,13,1699,48,49,3,0,0,-0.6,-3.3,38,23,40,9,57,16,622,14,40,,wrighde01
154,Delon Wright,26,TOR,PG,49,2,897,36,59,5,0,0,-3.3,-11.8,18,14,23,1,27,11,280,10,19,,wrighde01
154,Delon Wright,26,MEM,PG,26,11,802,62,37,0,0,0,2.4,6.3,20,9,17,8,30,5,342,4,21,,wrighde01
155,Miles Bridges,20,CHO,SF,80,25,1696,0,0,53,47,1,-3.4,-3.5,21,20,51,8,36,1,224,11,33,,bridgmi02
156,Taj Gibson,33,MIN,PF,70,57,1686,0,0,0,89,11,-1.6,-0.1,17,23,81,17,74,3,200,18,54,,gibsota01
157,Otto Porter Jr.,25,2TM,SF,56,43,1683,0,4,59,36,1,-0.5,5.1,32,17,55,8,46,11,275,18,13,,porteot01
157,Otto Porter Jr.,25,WAS,SF,41,28,1191,0,6,58,36,0,-0.9,2.9,22,10,42,2,31,8,188,12,10,,porteot01
157,Otto Porter Jr.,25,CHI,SF,15,15,492,0,0,62,36,2,0.5,10.4,10,7,13,6,15,3,87,6,3,,porteot01
158,Lauri Markkanen,21,CHI,PF,52,51,1682,0,0,0,77,23,-5.8,4.8,24,34,60,16,83,10,179,19,38,,markkla01
159,Hassan Whiteside,29,MIA,C,72,53,1674,0,0,0,0,100,1.5,2.7,24,17,99,27,110,5,131,45,50,,whiteha01
160,Royce O'Neale,25,UTA,SF,82,16,1671,0,41,56,2,0,6.3,1.6,31,15,75,7,22,13,307,6,19,,onealro01
161,JaVale McGee,31,LAL,C,75,62,1671,0,0,0,0,100,-4.4,-4.4,39,25,98,30,72,3,124,20,21,,mcgeeja01
162,Dwight Powell,27,DAL,C,77,22,1662,0,0,0,3,97,0.0,3.1,26,9,87,20,122,13,271,38,27,,poweldw01
163,Kent Bazemore,29,ATL,SG,67,35,1643,9,88,4,0,0,-8.1,-3.8,77,31,79,6,72,20,368,15,34,,bazemke01
164,Enes Freedom,26,2TM,C,67,31,1640,0,0,0,11,89,-6.1,-1.2,29,41,97,24,89,4,273,30,58,,kanteen01
164,Enes Freedom,26,NYK,C,44,23,1128,0,0,0,4,96,-10.1,-1.2,22,26,57,16,58,4,198,19,38,,kanteen01
164,Enes Freedom,26,POR,C,23,8,512,0,0,0,26,74,2.7,-1.3,7,15,40,8,31,0,75,11,20,,kanteen01
165,Gary Harris,24,DEN,SG,57,48,1639,3,89,8,0,0,6.0,3.9,30,23,40,7,62,6,298,16,42,,harriga01
166,Dāvis Bertāns,26,SAS,PF,76,12,1632,0,0,4,95,1,8.3,10.6,25,9,72,5,24,16,236,8,8,6MOY-11,bertada01
167,Justin Jackson,23,2TM,SF,81,14,1614,0,0,72,28,0,-1.0,0.1,9,12,46,3,40,15,218,9,5,,jacksju01
167,Justin Jackson,23,SAC,SF,52,3,1083,0,0,67,33,0,-1.9,-1.3,6,9,26,3,25,12,152,5,1,,jacksju01
167,Justin Jackson,23,DAL,SF,29,11,531,0,1,81,17,1,0.9,3.1,3,3,20,0,15,3,66,4,4,,jacksju01
168,Dewayne Dedmon,29,ATL,C,64,52,1609,0,0,0,5,95,-5.3,0.9,37,18,114,19,49,3,214,12,25,,dedmode01
169,Emmanuel Mudiay,22,NYK,PG,59,42,1607,92,8,0,0,0,-11.0,-2.9,71,42,53,14,73,7,564,13,56,,mudiaem01
170,Robin Lopez,30,CHI,C,74,36,1606,0,0,0,0,100,-5.1,5.9,17,28,59,30,55,4,207,14,19,,lopezro01
171,Evan Turner,30,POR,PG,73,2,1605,48,52,0,0,0,1.1,-4.7,83,21,61,5,44,10,696,10,27,,turneev01
172,Jalen Brunson,22,DAL,PG,73,38,1591,75,23,1,0,0,-3.2,-2.4,51,21,53,5,49,40,555,11,43,,brunsja01
173,Andre Iguodala,35,GSW,SF,68,13,1578,3,34,59,5,0,9.2,4.0,37,6,48,1,29,10,505,7,4,6MOY-10,iguodan01
174,Marvin Bagley III,19,SAC,PF,62,4,1567,0,0,0,45,54,-3.1,-3.5,27,32,55,17,121,6,146,19,46,ROY-7,baglema01
175,Tyus Jones,22,MIN,PG,68,23,1560,99,1,0,0,0,0.1,2.8,37,4,32,3,26,11,781,5,21,,jonesty01
176,Taurean Prince,24,ATL,SF,55,47,1552,0,0,69,31,0,-7.8,-3.1,55,24,60,8,50,25,283,17,15,,princta02
177,Rodney McGruder,27,MIA,SG,66,45,1550,57,39,4,0,0,-1.0,-1.4,33,18,62,4,29,13,265,6,29,,mcgruro01
178,Alex Len,25,ATL,C,77,31,1544,0,0,0,0,100,-4.9,1.6,28,14,108,29,101,0,205,19,45,,lenal01
179,Tyler Johnson,26,2TM,PG,57,22,1529,93,7,0,0,0,-4.0,-2.2,45,19,54,6,48,9,396,8,29,,johnsty01
179,Tyler Johnson,26,MIA,PG,44,10,1123,91,9,0,0,0,-2.7,-3.6,38,14,38,6,36,5,273,8,20,,johnsty01
179,Tyler Johnson,26,PHO,PG,13,12,406,100,1,0,0,0,-7.6,1.6,7,5,16,0,12,4,123,0,9,,johnsty01
180,Jaren Jackson Jr.,19,MEM,PF,58,56,1515,0,0,0,69,32,-3.2,-1.0,19,34,108,31,95,2,152,26,41,ROY-4,jacksja02
181,Dennis Smith Jr.,21,2TM,PG,53,50,1508,93,7,0,0,0,-5.0,-0.4,98,36,65,7,66,5,619,13,53,,smithde03
181,Dennis Smith Jr.,21,DAL,PG,32,32,908,89,11,0,0,0,-3.3,-2.0,59,28,44,4,33,2,340,9,31,,smithde03
181,Dennis Smith Jr.,21,NYK,PG,21,18,600,100,0,0,0,0,-7.5,2.0,39,8,21,3,33,3,279,4,22,,smithde03
182,Torrey Craig,28,DEN,SF,75,37,1503,0,26,64,11,0,3.4,-0.6,17,7,91,11,23,8,176,6,15,,craigto01
183,Maxi Kleber,27,DAL,PF,71,18,1502,0,0,2,83,16,2.4,6.7,30,9,82,10,29,10,180,6,18,,klebima01
184,Thomas Bryant,21,WAS,C,72,53,1496,0,0,0,1,99,-3.0,-0.1,25,12,61,12,67,5,218,26,31,,bryanth01
185,Kevon Looney,22,GSW,C,80,24,1481,0,0,0,10,90,11.0,6.8,15,12,121,19,53,5,300,15,30,,looneke01
186,Iman Shumpert,28,2TM,SG,62,41,1481,1,23,75,1,0,-1.2,-2.1,31,14,65,3,18,28,266,3,13,,shumpim01
186,Iman Shumpert,28,SAC,SG,42,40,1099,0,25,74,0,0,-1.2,-0.4,22,12,45,2,17,27,212,3,9,,shumpim01
186,Iman Shumpert,28,HOU,SG,20,1,382,1,19,77,4,0,-1.2,-6.9,9,2,20,1,1,1,54,0,4,,shumpim01
187,Gerald Green,33,HOU,SG,73,0,1473,1,22,65,12,0,4.2,-1.3,27,17,70,5,31,4,99,10,13,,greenge01
188,T.J. McConnell,26,PHI,PG,76,3,1470,99,1,0,0,0,0.1,-4.5,50,28,47,2,15,10,615,5,19,,mccontj01
189,E'Twaun Moore,29,NOP,SG,53,36,1463,40,55,4,0,0,-0.3,1.6,28,20,41,3,26,2,235,7,27,,mooreet01
190,Allonzo Trier,23,NYK,SG,64,3,1459,10,73,17,0,0,-7.5,2.6,52,28,46,22,91,16,286,15,62,,trieral01
191,Bruce Brown,22,DET,SG,74,56,1449,0,53,47,0,0,1.8,3.4,21,14,87,5,29,11,228,8,39,,brownbr01
192,Ed Davis,29,BRK,C,81,1,1446,0,0,0,0,100,4.0,6.4,13,15,120,27,79,5,156,16,24,6MOY-11,davised01
193,Wayne Selden,24,2TM,SG,75,13,1439,0,14,74,12,0,-9.5,-3.5,36,21,47,15,43,10,244,10,31,,seldewa01
193,Wayne Selden,24,MEM,SG,32,0,455,0,33,58,9,0,-5.5,-3.3,9,7,14,4,15,3,79,3,8,,seldewa01
193,Wayne Selden,24,CHI,SG,43,13,984,0,5,81,13,0,-11.3,-3.6,27,14,33,11,28,7,165,7,23,,seldewa01
194,Luke Kennard,22,DET,SG,63,10,1437,0,17,82,2,0,0.0,0.5,30,11,47,6,19,4,285,5,17,,kennalu01
195,Jeremy Lin,30,2TM,PG,74,4,1436,75,25,0,0,0,-6.1,-4.2,75,34,82,6,68,40,546,10,35,,linje01
195,Jeremy Lin,30,ATL,PG,51,1,1003,85,15,0,0,0,-5.7,0.2,58,29,50,5,51,32,428,8,24,,linje01
195,Jeremy Lin,30,TOR,PG,23,3,433,52,48,0,0,0,-7.1,-14.6,17,5,32,1,17,8,118,2,11,,linje01
196,Shaquille Harrison,25,CHI,SG,73,11,1430,40,59,1,0,0,-10.5,-2.9,32,16,61,3,60,14,329,17,41,,harrish01
197,Lonzo Ball,21,LAL,PG,47,45,1423,98,2,0,0,0,-1.3,0.9,68,19,57,7,17,6,571,4,25,,balllo01
198,Maurice Harkless,25,POR,SF,60,53,1415,0,0,80,20,0,7.9,6.2,21,9,81,10,38,3,175,9,21,,harklma01
199,Tyreke Evans,29,IND,SG,69,18,1402,0,79,20,0,0,2.8,-0.8,66,19,41,12,72,10,374,15,53,,evansty01
200,Seth Curry,28,POR,SG,74,2,1399,14,70,16,0,0,3.5,-0.6,35,10,40,4,18,11,161,4,15,,curryse01
201,Mike Scott,30,2TM,PF,79,3,1395,0,0,31,67,2,1.4,-0.6,20,7,85,11,12,1,151,1,21,,scottmi01
201,Mike Scott,30,LAC,PF,52,0,748,0,0,24,74,2,2.2,1.5,11,5,43,7,7,1,98,0,13,,scottmi01
201,Mike Scott,30,PHI,PF,27,3,647,0,0,39,58,3,0.5,-2.9,9,2,42,4,5,0,53,1,8,,scottmi01
202,Derrick Rose,30,MIN,PG,51,13,1392,31,69,0,0,0,0.6,3.4,42,31,30,3,80,15,505,21,52,6MOY-6,rosede01
203,Kris Dunn,24,CHI,PG,46,44,1389,58,39,2,0,0,-7.4,1.9,57,18,70,11,27,10,662,9,29,,dunnkr01
204,Alec Burks,27,3TM,SG,64,24,1375,1,56,41,2,0,-11.0,-5.7,35,18,41,5,69,12,303,20,37,,burksal01
204,Alec Burks,27,UTA,SG,17,0,269,2,76,22,0,0,-5.3,-11.4,7,3,6,2,21,1,47,7,7,,burksal01
204,Alec Burks,27,CLE,SG,34,24,979,1,53,44,2,0,-13.5,-4.5,27,14,32,2,45,11,232,12,30,,burksal01
204,Alec Burks,27,SAC,SG,13,0,127,0,38,62,0,0,-3.6,-2.7,1,1,3,1,3,0,24,1,0,,burksal01
205,JaMychal Green,28,2TM,PF,65,6,1371,0,0,2,94,4,-7.7,-8.2,42,11,91,15,46,8,111,8,37,,greenja01
205,JaMychal Green,28,MEM,PF,41,4,900,0,0,3,95,2,-11.8,-11.9,32,7,55,10,34,8,80,5,26,,greenja01
205,JaMychal Green,28,LAC,PF,24,2,471,0,0,0,93,7,0.0,-1.1,10,4,36,5,12,0,31,3,11,,greenja01
206,Rajon Rondo,32,LAL,PG,46,29,1369,100,0,0,0,0,-8.1,-9.6,104,12,33,5,16,17,861,4,34,,rondora01
207,Mitchell Robinson,20,NYK,C,66,19,1360,0,0,0,0,100,-6.8,3.6,11,11,138,7,64,7,83,19,23,ROY-8,robinmi01
208,T.J. Warren,25,PHO,SF,43,36,1360,0,0,1,99,0,-7.8,1.9,21,13,54,11,62,4,159,16,32,,warretj01
209,Juancho Hernangómez,23,DEN,PF,70,25,1358,0,0,48,50,2,1.4,-3.6,9,17,51,6,38,6,135,9,15,,hernaju01
210,Zach Collins,21,POR,C,77,0,1356,0,0,0,46,54,-0.1,-6.0,23,14,94,27,56,9,166,14,29,,colliza01
211,OG Anunoby,21,TOR,SF,67,6,1352,0,0,23,75,2,-2.0,-12.1,21,13,63,11,32,11,113,10,32,,anunoog01
212,Doug McDermott,27,IND,SF,77,1,1340,0,1,71,29,0,4.7,2.0,21,5,48,8,30,4,151,8,24,,mcderdo01
213,Kyle Korver,37,2TM,SG,70,0,1334,7,55,25,13,0,3.4,1.3,36,9,45,11,18,9,188,6,18,,korveky01
213,Kyle Korver,37,CLE,PF,16,0,251,0,0,32,68,0,-8.7,1.5,12,2,8,3,3,4,35,1,2,,korveky01
213,Kyle Korver,37,UTA,SG,54,0,1083,8,68,24,0,0,6.3,1.3,24,7,37,8,15,5,153,5,16,,korveky01
214,Vince Carter,42,ATL,PF,76,9,1330,0,1,44,56,0,-6.3,-0.6,31,7,74,5,22,14,209,6,9,,cartevi01
215,Jake Layman,24,POR,SF,71,33,1327,0,9,61,30,0,2.3,-2.3,20,10,60,8,35,10,132,11,17,,laymaja01
216,Mike Muscala,27,2TM,PF,64,10,1306,0,0,1,63,37,1.4,-0.5,26,8,71,8,22,8,186,5,10,,muscami01
216,Mike Muscala,27,PHI,PF,47,6,1041,0,0,0,59,41,3.1,0.2,21,8,62,8,19,8,150,5,9,,muscami01
216,Mike Muscala,27,LAL,PF,17,4,265,0,0,3,78,19,-5.0,-3.4,5,0,9,0,3,0,36,0,1,,muscami01
217,Tony Snell,27,MIL,SF,74,12,1304,0,24,70,5,0,6.9,-2.4,15,5,50,1,19,3,156,7,9,,snellto01
218,George Hill,32,2TM,PG,60,13,1302,71,29,0,0,0,6.1,3.1,26,15,37,7,31,10,316,8,19,,hillge01
218,George Hill,32,CLE,PG,13,13,344,80,20,0,0,0,-6.2,4.3,11,6,10,3,7,2,83,1,7,,hillge01
218,George Hill,32,MIL,PG,47,0,958,68,32,1,0,0,10.5,2.6,15,9,27,4,24,8,233,7,12,,hillge01
219,Bobby Portis,23,2TM,PF,50,28,1299,0,0,0,44,56,-4.0,1.6,10,31,57,21,44,0,161,10,30,,portibo01
219,Bobby Portis,23,CHI,PF,22,6,531,0,0,1,75,25,-10.4,-2.1,2,12,22,11,21,0,66,4,14,,portibo01
219,Bobby Portis,23,WAS,PF,28,22,768,0,0,0,23,77,0.5,4.2,8,19,35,10,23,0,95,6,16,,portibo01
220,Wayne Ellington,31,2TM,SG,53,38,1297,13,68,19,0,0,-1.0,-0.7,25,6,44,7,7,7,165,0,10,,ellinwa01
220,Wayne Ellington,31,MIA,SG,25,12,533,31,51,18,0,0,-8.1,-9.2,10,1,18,3,3,2,66,0,3,,ellinwa01
220,Wayne Ellington,31,DET,SG,28,26,764,0,80,20,0,0,3.9,5.2,15,5,26,4,4,5,99,0,7,,ellinwa01
221,Rodions Kurucs,20,BRK,SF,63,46,1294,0,5,33,59,3,-0.5,-0.6,26,22,62,17,38,5,123,5,42,,kurucro01
222,Kyle Anderson,25,MEM,SF,43,40,1281,0,0,74,25,1,-2.5,0.1,28,11,37,9,31,8,295,9,14,,anderky01
223,Jakob Poeltl,23,SAS,C,77,24,1273,0,0,0,26,74,4.4,3.3,23,9,80,9,39,8,219,12,19,,poeltja01
224,Markieff Morris,29,2TM,PF,58,16,1270,0,0,0,46,54,-6.0,-6.1,27,10,79,11,35,8,190,7,22,,morrima02
224,Markieff Morris,29,WAS,PF,34,15,883,0,0,0,36,64,-8.6,-7.3,23,8,53,10,27,7,146,5,13,,morrima02
224,Markieff Morris,29,OKC,PF,24,1,387,0,0,0,70,30,0.0,-3.4,4,2,26,1,8,1,44,2,9,,morrima02
225,Jeff Teague,30,MIN,PG,42,41,1264,99,1,0,0,0,0.0,2.3,66,19,55,6,52,14,805,9,31,,teaguje01
226,Pat Connaughton,26,MIL,SG,61,2,1261,25,66,9,0,0,5.2,-4.8,15,9,47,5,18,6,297,3,19,,connapa01
227,Malik Monk,20,CHO,SG,73,0,1258,2,90,8,0,0,-3.2,-2.7,50,17,64,6,44,7,260,11,32,,monkma01
228,Ish Smith,30,DET,PG,56,0,1251,100,0,0,0,0,3.0,4.8,30,21,53,3,26,8,512,6,21,,smithis01
229,Elfrid Payton,24,NOP,PG,42,42,1250,100,1,0,0,0,-2.3,-1.3,71,27,27,6,31,7,743,10,46,,paytoel01
230,Shelvin Mack,28,2TM,PG,57,3,1246,54,45,0,0,0,-9.9,-9.8,43,15,26,4,32,5,427,7,38,,macksh01
230,Shelvin Mack,28,MEM,PG,53,3,1204,54,46,0,0,0,-8.3,-8.3,39,15,25,4,28,5,425,6,36,,macksh01
230,Shelvin Mack,28,CHO,PG,4,0,42,75,25,0,0,0,-55.0,-54.2,4,0,1,0,4,0,2,1,2,,macksh01
231,Nikola Mirotić,27,2TM,PF,46,25,1245,0,0,6,61,33,4.3,3.8,27,8,49,7,34,10,127,8,15,,mirotni01
231,Nikola Mirotić,27,NOP,PF,32,22,925,0,0,0,64,36,1.4,3.6,19,8,37,5,29,10,80,8,12,,mirotni01
231,Nikola Mirotić,27,MIL,PF,14,3,320,0,0,23,53,24,12.6,4.4,8,0,12,2,5,0,47,0,3,,mirotni01
232,Cody Zeller,26,CHO,C,49,47,1243,0,0,0,2,99,1.5,4.1,22,9,79,21,66,8,244,13,42,,zelleco01
233,Rondae Hollis-Jefferson,24,BRK,SF,59,21,1234,0,2,46,50,2,0.2,0.4,19,28,39,17,91,16,246,17,46,,holliro01
234,Wes Iwundu,24,ORL,SF,68,13,1233,0,2,96,2,0,2.0,1.4,23,10,66,5,48,5,172,8,25,,iwundwe01
235,Ersan İlyasova,31,MIL,PF,67,7,1231,0,1,13,65,21,9.1,0.8,18,6,84,13,27,60,129,4,20,,ilyaser01
236,James Ennis III,28,2TM,SF,58,27,1230,0,13,71,16,0,0.3,-5.5,14,6,56,11,42,9,96,7,13,,ennisja01
236,James Ennis III,28,HOU,SF,40,25,949,0,6,74,20,0,0.3,-6.3,8,5,39,8,31,8,65,6,9,,ennisja01
236,James Ennis III,28,PHI,SF,18,2,281,0,37,60,3,0,0.3,-2.9,6,1,17,3,11,1,31,1,4,,ennisja01
237,Jared Dudley,33,BRK,PF,59,25,1220,0,0,0,84,16,1.4,2.1,30,3,52,8,20,19,203,4,11,,dudleja01
238,Jonas Jerebko,31,GSW,PF,73,6,1218,0,0,3,70,27,2.4,-6.4,21,9,55,9,37,11,231,11,13,,jerebjo01
239,Jamal Crawford,38,PHO,SG,64,0,1211,57,43,1,0,0,-15.2,-8.9,71,19,25,4,36,6,501,8,8,,crawfja01
240,Stanley Johnson,22,2TM,SF,66,7,1208,0,3,47,50,0,-7.2,-8.0,36,21,38,14,35,10,220,10,38,,johnsst04
240,Stanley Johnson,22,DET,SF,48,7,961,0,0,44,56,0,-5.1,-6.3,19,17,30,10,27,8,151,7,27,,johnsst04
240,Stanley Johnson,22,NOP,SF,18,0,247,0,16,56,28,0,-15.3,-14.9,17,4,8,4,8,2,69,3,11,,johnsst04
241,Mario Hezonja,23,NYK,SF,58,24,1206,0,6,60,34,0,-9.8,-0.8,43,19,51,11,57,6,201,12,29,,hezonma01
242,Robert Covington,28,2TM,SF,35,35,1203,0,0,94,6,0,2.8,3.3,17,10,60,7,33,12,109,4,9,,covinro01
242,Robert Covington,28,PHI,SF,13,13,440,0,0,86,14,0,2.6,-0.4,12,2,19,3,8,4,32,1,4,,covinro01
242,Robert Covington,28,MIN,SF,22,22,763,0,0,98,2,0,2.9,5.5,5,8,41,4,25,8,77,3,5,,covinro01
243,Tristan Thompson,27,CLE,C,43,40,1198,0,0,0,3,97,-12.6,-3.6,19,21,34,12,42,2,203,7,36,,thomptr01
244,Will Barton,28,DEN,SF,43,38,1189,1,11,88,1,0,0.4,-4.8,34,24,36,2,33,1,284,10,20,,bartowi01
245,Richaun Holmes,25,PHO,C,70,4,1184,0,0,0,1,99,-6.9,3.0,18,9,109,19,81,6,143,27,29,,holmeri01
246,Michael Kidd-Gilchrist,25,CHO,PF,64,3,1179,0,0,0,95,5,-0.4,1.3,8,14,91,13,58,11,159,11,38,,kiddgmi01
247,Wilson Chandler,31,2TM,SF,51,33,1177,0,0,17,81,3,4.7,3.3,27,6,53,7,10,5,192,3,7,,chandwi01
247,Wilson Chandler,31,PHI,PF,36,32,951,0,0,9,88,3,8.0,6.7,23,6,42,5,7,5,168,2,6,,chandwi01
247,Wilson Chandler,31,LAC,SF,15,1,226,0,0,51,48,1,-9.3,-10.9,4,0,11,2,3,0,24,1,1,,chandwi01
248,Frank Jackson,20,NOP,PG,61,16,1169,51,49,0,0,0,-5.3,-5.6,29,5,43,5,33,6,158,5,23,,jacksfr01
249,James Johnson,31,MIA,PF,55,33,1164,0,0,5,95,0,-4.2,-5.8,33,17,53,14,35,3,336,8,15,,johnsja01
250,Derrick Jones Jr.,21,MIA,SF,60,14,1153,1,9,54,37,0,0.1,0.3,18,8,60,7,60,8,96,17,26,,jonesde02
251,Victor Oladipo,26,IND,SG,36,36,1147,0,89,11,0,0,5.3,2.7,45,29,29,1,59,22,429,13,50,AS,oladivi01
252,Dion Waiters,27,MIA,SG,44,28,1138,58,40,2,0,0,-2.1,-2.8,38,15,26,7,21,1,302,6,22,,waitedi01
253,Allen Crabbe,26,BRK,SG,43,20,1133,1,70,28,1,0,-0.8,-0.9,16,8,41,10,16,5,107,3,10,,crabbal01
254,Norman Powell,25,TOR,SG,60,3,1126,4,56,37,3,0,0.0,-8.2,36,16,26,4,33,5,219,9,21,,powelno01
255,Trey Burke,26,2TM,PG,58,8,1125,100,0,0,0,0,-1.6,5.4,28,8,19,7,56,5,386,16,39,,burketr01
255,Trey Burke,26,NYK,PG,33,7,689,100,0,0,0,0,-6.3,3.5,16,3,12,5,35,3,225,14,24,,burketr01
255,Trey Burke,26,DAL,PG,25,1,436,100,0,0,0,0,5.8,8.5,12,5,7,2,21,2,161,2,15,,burketr01
256,Lance Stephenson,28,LAL,SG,68,3,1123,2,33,51,14,0,-4.4,-3.5,49,20,45,11,33,2,321,7,18,,stephla01
257,Trey Lyles,23,DEN,PF,64,2,1120,0,0,0,85,16,-0.2,-5.5,27,18,54,12,52,4,203,12,24,,lylestr01
258,Tim Frazier,28,2TM,PG,59,19,1120,100,0,0,0,0,-2.5,-3.2,44,21,47,3,19,13,585,4,12,,fraziti01
258,Tim Frazier,28,NOP,PG,47,17,909,100,0,0,0,0,-1.3,0.1,34,16,40,2,13,11,480,3,12,,fraziti01
258,Tim Frazier,28,MIL,PG,12,2,211,100,0,0,0,0,-7.6,-17.1,10,5,7,1,6,2,105,1,0,,fraziti01
259,Wendell Carter Jr.,19,CHI,C,44,44,1110,0,0,0,1,99,-13.4,-6.7,20,18,70,19,44,5,195,14,28,,cartewe01
260,John Wall,28,WAS,PG,32,32,1104,100,0,0,0,0,-6.7,-5.2,73,33,41,10,76,9,659,12,36,,walljo01
261,Jonas Valančiūnas,26,2TM,C,49,27,1091,0,0,0,0,100,2.0,0.3,33,23,78,22,77,6,166,10,41,,valanjo01
261,Jonas Valančiūnas,26,TOR,C,30,10,564,0,0,0,0,100,5.3,-0.7,15,6,46,11,36,2,73,5,16,,valanjo01
261,Jonas Valančiūnas,26,MEM,C,19,17,527,0,0,0,0,100,-1.5,1.3,18,17,32,11,41,4,93,5,25,,valanjo01
262,Ante Žižić,22,CLE,C,59,25,1082,0,0,0,2,99,-3.4,9.3,10,26,61,14,63,2,132,12,35,,zizican01
263,Anthony Tolliver,33,MIN,PF,65,0,1079,0,0,20,75,5,-4.0,-3.4,20,7,40,7,24,16,102,4,7,,tollian01
264,Kenrich Williams,24,NOP,SF,46,29,1079,1,8,87,5,0,-3.3,-2.6,24,6,47,2,8,17,196,2,17,,willike04
265,Devin Harris,35,DAL,PG,68,2,1071,47,53,0,0,0,-4.4,-3.6,31,14,52,5,47,24,297,6,19,,harride01
266,Yogi Ferrell,25,SAC,PG,71,3,1067,100,0,0,0,0,-2.0,-1.4,22,9,28,4,29,24,330,7,20,,ferreyo01
267,Jonathon Simmons,29,2TM,SF,56,9,1064,7,81,12,0,0,-5.2,-8.3,32,25,35,2,48,16,311,13,37,,simmojo02
267,Jonathon Simmons,29,ORL,SG,41,9,845,8,91,0,0,0,-6.2,-9.2,26,20,23,1,36,15,239,10,31,,simmojo02
267,Jonathon Simmons,29,PHI,SF,15,0,219,1,41,57,1,0,-1.5,-4.7,6,5,12,1,12,1,72,3,6,,simmojo02
268,Caris LeVert,24,BRK,SF,40,25,1063,0,8,77,16,0,0.0,0.1,36,18,36,6,61,14,392,19,28,,leverca01
269,Quinn Cook,25,GSW,PG,74,10,1059,100,0,0,0,0,-5.8,-17.0,31,13,40,3,14,1,261,6,19,,cookqu01
270,Nerlens Noel,24,OKC,C,77,2,1055,0,0,0,1,99,-2.5,-7.5,16,16,66,11,33,18,112,8,10,,noelne01
271,Ivica Zubac,21,2TM,C,59,37,1040,0,0,0,0,100,2.0,2.7,10,29,83,19,58,4,146,10,48,,zubaciv01
271,Ivica Zubac,21,LAL,C,33,12,516,0,0,0,1,99,1.5,3.8,2,14,47,8,32,1,57,7,24,,zubaciv01
271,Ivica Zubac,21,LAC,C,26,25,524,0,0,0,0,100,2.4,1.6,8,15,36,11,26,3,89,3,24,,zubaciv01
272,Sterling Brown,23,MIL,SG,58,7,1034,0,53,43,4,0,0.9,-10.3,29,7,42,3,20,2,198,6,20,,brownst02
273,Gorgui Dieng,29,MIN,C,76,2,1031,0,0,0,2,98,-4.2,-3.6,17,16,59,9,45,11,172,9,21,,dienggo01
274,Nik Stauskas,25,2TM,SG,68,0,1015,0,9,73,18,0,-12.6,-14.0,29,12,30,3,24,4,193,2,18,,stausni01
274,Nik Stauskas,25,POR,SG,44,0,673,0,9,90,1,0,-12.2,-19.4,23,10,18,3,13,3,150,2,11,,stausni01
274,Nik Stauskas,25,CLE,SG,24,0,342,0,9,39,51,0,-13.3,-3.5,6,2,12,0,11,1,43,0,7,,stausni01
275,Alfonzo McKinnie,26,GSW,SF,72,5,1003,0,23,71,7,0,1.6,-7.0,11,4,66,5,23,6,76,8,20,,mckinal01
276,Tony Parker,36,CHO,PG,56,0,1003,64,36,0,0,0,-0.6,1.0,40,14,18,5,51,3,502,14,40,,parketo01
277,Goran Dragić,32,MIA,PG,36,22,991,100,0,0,0,0,1.4,2.1,40,17,29,8,43,7,404,13,25,,dragigo01
278,David Nwaba,26,CLE,SF,51,14,984,0,26,72,2,0,-3.8,8.4,16,6,43,4,45,7,132,8,28,,nwabada01
279,De'Anthony Melton,20,PHO,PG,50,31,984,95,5,0,0,0,-7.9,1.4,49,15,60,2,11,10,367,4,11,,meltode01
280,Shabazz Napier,27,BRK,PG,56,2,983,100,0,0,0,0,1.4,2.0,40,20,33,3,52,13,337,6,27,,napiesh01
281,Danuel House Jr.,25,HOU,SF,39,13,979,0,3,52,45,0,10.6,7.4,13,14,52,6,33,2,101,5,6,,houseda01
282,Ian Clark,27,NOP,SG,60,6,973,44,51,5,0,0,-3.5,-2.8,27,21,38,6,9,5,210,2,21,,clarkia01
283,Thon Maker,21,2TM,PF,64,5,972,0,0,0,47,53,0.8,-2.9,15,7,62,7,36,4,107,3,13,,makerth01
283,Thon Maker,21,MIL,C,35,0,409,0,0,0,12,88,6.3,-2.5,5,1,36,2,16,3,44,3,5,,makerth01
283,Thon Maker,21,DET,PF,29,5,563,0,0,0,73,27,-3.1,-3.3,10,6,26,5,20,1,63,0,8,,makerth01
284,Shaun Livingston,33,GSW,PG,64,0,967,35,64,1,0,0,3.5,-4.3,25,4,31,7,25,2,275,7,11,,livinsh01
285,Elie Okobo,21,PHO,PG,53,16,958,99,1,0,0,0,-10.0,-1.3,46,7,44,5,16,2,298,4,13,,okoboel01
286,Jerian Grant,26,ORL,PG,60,1,939,92,8,0,0,0,-6.3,-9.6,34,9,27,5,20,10,366,5,8,,grantje02
287,Jahlil Okafor,23,NOP,C,59,24,935,0,0,0,0,100,-5.3,-5.2,5,19,65,9,51,3,89,20,30,,okafoja01
288,Dante Cunningham,31,SAS,PF,64,21,928,0,3,57,41,0,-7.5,-12.6,16,4,46,2,8,5,113,0,8,,cunnida01
289,Daniel Theis,26,BOS,C,66,2,908,0,0,0,5,95,8.2,4.5,9,6,104,9,34,5,166,6,15,,theisda01
290,Frank Ntilikina,20,NYK,PG,43,16,904,66,33,1,0,0,-8.4,1.1,32,10,48,4,11,11,284,2,10,,ntilila01
291,Cheick Diallo,22,NOP,PF,64,1,896,0,0,1,74,26,-4.4,-3.9,14,16,64,12,30,4,81,9,20,,diallch01
292,Chandler Hutchison,22,CHI,SF,44,14,895,0,0,56,44,0,-6.2,3.1,11,7,32,3,19,13,78,2,11,,hutchch01
293,D.J. Wilson,22,MIL,PF,48,3,882,0,0,6,84,10,5.7,-3.6,16,7,56,6,18,4,132,3,11,,wilsodj01
294,Zaza Pachulia,34,DET,C,68,3,878,0,0,0,0,100,-5.1,-6.2,12,10,56,27,48,7,206,11,17,,pachuza01
295,Meyers Leonard,26,POR,C,61,2,878,0,0,0,0,100,-5.2,-11.7,15,11,48,14,20,6,181,4,6,,leoname01
296,Solomon Hill,27,NOP,SF,44,15,878,0,18,69,13,0,-6.1,-6.1,18,9,42,2,14,11,129,2,9,,hillso01
297,Tyson Chandler,36,2TM,C,55,6,875,0,0,0,0,100,-1.3,2.0,8,5,58,23,34,2,88,2,6,,chandty01
297,Tyson Chandler,36,PHO,C,7,0,89,0,0,0,0,100,-29.5,-21.0,1,2,11,4,7,0,14,1,0,,chandty01
297,Tyson Chandler,36,LAL,C,48,6,786,0,0,0,1,100,1.9,4.7,7,3,47,19,27,2,74,1,6,,chandty01
298,Patrick Patterson,29,OKC,PF,63,5,861,0,0,0,88,13,-6.0,-11.6,11,3,21,5,13,7,72,5,6,,pattepa01
299,C.J. Miles,31,2TM,SF,53,1,856,0,12,63,25,0,-2.2,-6.5,16,6,38,5,24,4,78,6,17,,milescj01
299,C.J. Miles,31,TOR,SF,40,1,562,0,11,64,25,0,-10.2,-18.8,12,5,29,2,19,2,47,5,12,,milescj01
299,C.J. Miles,31,MEM,SF,13,0,294,0,14,62,24,0,12.9,16.8,4,1,9,3,5,2,31,1,5,,milescj01
300,Antonio Blakeney,22,CHI,SG,57,3,829,0,69,31,0,0,-9.1,-0.6,13,15,21,0,35,1,101,8,31,,blakean01
301,Dragan Bender,21,PHO,PF,46,27,826,0,0,0,57,43,-9.5,-0.6,18,9,65,5,28,2,138,10,4,,bendedr01
302,Aron Baynes,32,BOS,C,51,18,821,0,0,0,0,100,7.8,3.9,9,7,71,20,23,20,144,4,12,,baynear01
303,Harry Giles,20,SAC,PF,58,0,820,0,0,1,67,32,-4.6,-4.6,31,18,72,14,36,5,190,6,12,,gilesha01
304,Willy Hernangómez,24,CHO,C,58,3,812,0,0,0,9,92,-6.7,-6.7,19,16,46,17,68,3,144,18,31,,hernawi01
305,Matthew Dellavedova,28,2TM,PG,48,0,812,71,29,0,0,0,-3.9,5.1,56,8,27,2,15,11,416,2,5,,dellama01
305,Matthew Dellavedova,28,MIL,PG,12,0,97,98,2,0,0,0,-3.3,-12.1,9,1,2,1,2,2,68,0,0,,dellama01
305,Matthew Dellavedova,28,CLE,PG,36,0,715,68,32,0,0,0,-4.0,7.5,47,7,25,1,13,9,348,2,5,,dellama01
306,Omari Spellman,21,ATL,PF,46,11,805,0,0,0,77,23,-12.0,-7.7,15,7,25,5,19,2,116,3,14,,spellom01
307,Bruno Caboclo,23,MEM,PF,34,19,800,0,2,32,65,2,1.1,4.7,16,13,43,7,21,2,120,4,14,,cabocbr01
308,Dirk Nowitzki,40,DAL,PF,51,20,795,0,0,0,82,17,-6.1,-5.4,6,7,48,2,17,1,83,3,2,AS,nowitdi01
309,Jordan Bell,24,GSW,C,68,3,788,0,0,0,14,86,-4.3,-13.8,17,12,54,6,17,9,181,4,11,,belljo01
310,Sam Dekker,24,2TM,PF,47,5,788,0,0,12,82,6,-4.6,-0.1,5,9,22,4,22,1,107,2,21,,dekkesa01
310,Sam Dekker,24,CLE,PF,9,5,169,0,0,0,100,0,-9.4,0.8,0,3,6,1,5,0,20,0,4,,dekkesa01
310,Sam Dekker,24,WAS,PF,38,0,619,0,0,15,77,7,-3.3,-0.4,5,6,16,3,17,1,87,2,17,,dekkesa01
311,Luke Kornet,23,NYK,C,46,18,784,0,0,0,33,67,-4.1,6.4,18,5,31,0,17,7,126,2,6,,kornelu01
312,Bismack Biyombo,26,CHO,C,54,32,783,0,0,0,9,91,-6.2,-6.0,11,5,53,12,43,3,78,9,23,,biyombi01
313,Lance Thomas,30,NYK,PF,46,17,783,0,0,4,93,2,-11.7,-3.1,10,6,37,4,17,9,63,2,9,,thomala01
314,DeMarcus Cousins,28,GSW,C,30,30,771,0,0,0,0,100,4.5,-2.8,26,20,49,22,73,17,255,18,32,,couside01
315,Mo Bamba,20,ORL,C,47,1,766,0,0,0,5,95,-13.9,-18.5,12,13,69,13,32,2,89,11,15,,bambamo01
316,Troy Daniels,27,PHO,SG,51,1,760,9,72,19,0,0,-7.7,1.6,13,4,30,8,8,6,59,4,6,,danietr01
317,Dwayne Bacon,23,CHO,SG,43,13,759,0,29,66,4,0,-1.3,0.1,8,4,33,2,23,2,120,4,14,,bacondw01
318,Frank Kaminsky,25,CHO,C,47,0,755,0,0,0,0,100,-0.3,1.3,12,12,34,10,51,6,150,16,12,,kaminfr01
319,J.J. Barea,34,DAL,PG,38,0,752,100,0,0,0,0,2.9,5.7,44,17,9,7,26,21,500,7,13,,bareajo01
320,Marcin Gortat,34,LAC,C,47,43,751,0,0,0,0,100,-6.3,-9.0,21,7,42,18,20,8,148,4,16,,gortama01
321,Cristiano Felício,26,CHI,C,60,0,746,0,0,0,1,99,-8.8,-0.2,11,10,35,7,37,2,84,11,24,,feliccr01
322,Chasson Randle,25,WAS,PG,49,2,743,100,0,0,0,0,-5.3,-2.9,21,9,41,6,24,9,228,2,16,,randlch01
323,Brandon Knight,27,2TM,PG,39,26,736,38,62,0,0,0,-12.3,-5.2,15,8,20,3,18,14,179,4,17,,knighbr03
323,Brandon Knight,27,HOU,PG,12,0,118,82,19,0,0,0,-5.4,-10.7,2,1,5,1,5,0,24,1,1,,knighbr03
323,Brandon Knight,27,CLE,PG,27,26,618,30,70,0,0,0,-13.6,-4.1,13,7,15,2,13,14,155,3,16,,knighbr03
324,Troy Brown Jr.,19,WAS,SF,52,10,730,0,27,66,7,0,0.3,3.9,14,13,33,2,23,3,183,7,26,,browntr01
325,Kenneth Faried,29,2TM,C,37,13,728,0,0,0,13,87,3.8,-0.2,15,10,28,5,47,12,53,9,20,,farieke01
325,Kenneth Faried,29,BRK,C,12,0,118,0,0,0,24,77,-8.0,-8.1,3,2,3,1,9,1,4,2,2,,farieke01
325,Kenneth Faried,29,HOU,C,25,13,610,0,0,0,11,89,6.1,1.3,12,8,25,4,38,11,49,7,18,,farieke01
326,Ivan Rabb,21,MEM,PF,49,13,721,0,0,0,46,54,-6.1,-4.3,11,12,48,3,32,3,128,9,7,,rabbiv01
327,Treveon Graham,25,BRK,SG,35,21,715,2,80,18,1,0,2.5,3.3,6,2,31,3,10,12,83,2,8,,grahatr01
328,Cameron Payne,24,2TM,PG,40,13,712,92,8,0,0,0,-15.7,-8.0,27,12,25,1,16,11,243,4,6,,payneca01
328,Cameron Payne,24,CHI,PG,31,12,536,100,0,0,0,0,-20.3,-13.6,20,10,17,1,11,10,190,4,6,,payneca01
328,Cameron Payne,24,CLE,PG,9,1,176,67,33,0,0,0,-1.7,8.8,7,2,8,0,5,1,53,0,0,,payneca01
329,Tyler Dorsey,22,2TM,SG,48,11,698,4,86,10,0,0,-2.6,1.1,11,6,30,3,25,0,138,12,19,,dorsety01
329,Tyler Dorsey,22,ATL,SG,27,0,251,12,83,5,0,0,0.3,6.6,4,1,8,1,13,0,45,8,8,,dorsety01
329,Tyler Dorsey,22,MEM,SG,21,11,447,0,87,13,0,0,-4.3,-1.9,7,5,22,2,12,0,93,4,11,,dorsety01
330,Abdel Nader,25,OKC,SF,61,1,694,0,37,54,9,0,-9.6,-15.3,6,9,41,5,22,1,46,10,8,,naderab01
331,Joakim Noah,33,MEM,C,42,1,693,0,0,0,8,92,1.8,5.3,19,13,45,12,45,3,200,4,24,,noahjo01
332,Boban Marjanović,30,2TM,C,58,12,681,0,0,0,0,100,0.0,-2.0,20,14,46,16,56,0,119,18,18,,marjabo01
332,Boban Marjanović,30,LAC,C,36,9,376,0,0,0,0,100,-1.4,-2.6,9,8,27,13,39,0,50,14,11,,marjabo01
332,Boban Marjanović,30,PHI,C,22,3,305,0,0,0,0,100,1.7,-1.3,11,6,19,3,17,0,69,4,7,,marjabo01
333,Furkan Korkmaz,21,PHI,SG,48,7,679,0,13,71,16,0,3.6,0.9,11,8,29,2,16,7,126,5,9,,korkmfu01
334,Devonte' Graham,23,CHO,PG,46,3,676,59,40,1,0,0,-6.7,-6.4,20,5,18,2,19,7,278,5,12,,grahade01
335,Timothé Luwawu-Cabarrot,23,2TM,SF,50,7,669,0,9,35,56,0,-15.0,-9.4,6,8,42,3,23,1,54,10,18,,luwawti01
335,Timothé Luwawu-Cabarrot,23,OKC,SF,21,1,123,0,49,44,6,0,-18.9,-22.7,2,1,5,1,4,0,9,2,4,,luwawti01
335,Timothé Luwawu-Cabarrot,23,CHI,SF,29,6,546,0,0,33,67,0,-14.1,-6.4,4,7,37,2,19,1,45,8,14,,luwawti01
336,Dante Exum,23,UTA,PG,42,1,664,84,16,0,0,0,4.0,-1.6,26,13,23,5,31,13,260,3,19,,exumda01
337,Jerryd Bayless,30,MIN,PG,34,6,657,79,21,0,0,0,-13.4,-14.1,21,8,26,1,14,1,289,4,8,,bayleje01
338,Aaron Holiday,22,IND,PG,50,0,646,99,1,0,0,0,7.6,5.1,23,10,31,4,17,14,195,6,12,,holidaa01
339,Khem Birch,26,ORL,C,50,1,643,0,0,0,0,100,3.0,2.4,9,4,43,5,40,8,88,5,12,,birchkh01
340,Gary Clark,24,HOU,PF,51,2,641,0,0,13,71,17,1.2,-4.5,5,1,31,0,3,7,48,2,3,,clarkga01
341,Jonah Bolden,23,PHI,PF,44,10,639,0,0,0,47,53,-1.4,-5.2,20,2,57,10,9,0,97,1,6,,boldejo01
342,José Calderón,37,DET,PG,49,0,632,90,10,0,0,0,-14.4,-16.8,26,5,26,1,4,3,282,1,8,,caldejo01
343,Isaiah Canaan,27,3TM,PG,30,16,629,100,0,0,0,0,-12.3,-5.6,21,8,23,3,10,10,198,2,11,,canaais01
343,Isaiah Canaan,27,PHO,PG,19,15,503,100,0,0,0,0,-11.5,-2.9,17,7,18,3,8,8,147,2,9,,canaais01
343,Isaiah Canaan,27,MIN,PG,7,1,95,100,0,0,0,0,-8.6,-7.3,4,0,4,0,2,0,44,0,1,,canaais01
343,Isaiah Canaan,27,MIL,PG,4,0,31,100,0,0,0,0,-35.8,-44.6,0,1,1,0,0,2,7,0,1,,canaais01
344,Tyrone Wallace,24,LAC,PG,62,0,628,56,41,3,0,0,4.7,4.5,20,8,42,3,29,5,98,5,32,,wallaty01
345,Glenn Robinson III,25,DET,SF,47,18,610,0,1,69,30,0,-1.4,-1.3,7,9,23,0,17,4,56,3,14,,robingl02
346,Thabo Sefolosha,34,UTA,SF,50,2,609,0,4,55,42,0,10.9,6.6,9,8,20,1,8,2,70,0,4,,sefolth01
347,Kevin Love,30,CLE,PF,22,21,598,0,0,0,91,9,-4.5,6.7,20,13,26,6,33,9,112,4,17,,loveke01
348,Semi Ojeleye,24,BOS,PF,56,3,594,0,4,57,38,1,7.8,3.6,8,4,24,3,16,4,58,3,10,,ojelese01
349,Álex Abrines,25,OKC,SG,31,2,588,0,63,37,0,0,1.8,-1.5,4,6,33,2,4,10,52,0,6,,abrinal01
350,Jevon Carter,23,MEM,PG,39,3,577,83,17,0,0,0,-7.7,-6.0,16,8,24,5,11,1,165,2,6,,carteje01
351,Isaiah Briscoe,22,ORL,PG,39,0,559,99,1,0,0,0,2.0,1.2,19,4,30,4,11,17,221,4,7,,briscis01
352,Nenê,36,HOU,C,42,2,546,0,0,0,0,100,8.0,3.4,4,2,41,3,26,7,70,7,9,,hilarne01
353,Wesley Johnson,31,2TM,SF,38,13,534,0,25,68,7,0,-7.2,-6.1,10,7,33,1,10,3,49,3,0,,johnswe01
353,Wesley Johnson,31,NOP,SF,26,13,377,0,11,80,9,0,-10.4,-10.0,5,6,23,1,4,2,33,0,0,,johnswe01
353,Wesley Johnson,31,WAS,SF,12,0,157,0,57,40,3,0,0.4,3.5,5,1,10,0,6,1,16,3,0,,johnswe01
354,Alex Caruso,24,LAL,PG,25,4,531,62,38,0,0,0,4.6,7.4,29,12,33,0,26,10,173,4,18,,carusal01
355,Amir Johnson,31,PHI,C,51,6,529,0,0,0,8,92,-4.0,-8.0,19,9,54,10,21,3,143,5,6,,johnsam01
356,Hamidou Diallo,20,OKC,SG,51,3,526,8,79,13,0,0,-6.6,-11.1,10,2,39,7,33,9,42,7,13,,diallha01
357,T.J. Leaf,21,IND,PF,58,1,522,0,0,0,91,9,3.9,0.7,3,6,23,1,15,2,57,5,9,,leaftj01
358,Omri Casspi,30,MEM,SF,36,0,520,0,3,66,30,1,0.8,3.9,11,7,18,1,26,0,58,5,12,,casspom01
359,Georges Niang,25,UTA,PF,59,0,516,0,0,9,91,0,-4.6,-11.4,14,3,27,2,11,0,81,5,11,,niangge01
360,Keita Bates-Diop,23,MIN,SF,30,3,503,0,1,89,9,1,-5.3,-4.3,5,5,17,2,9,1,37,2,7,,bateske01
361,Kosta Koufos,29,SAC,C,42,1,502,0,0,0,0,100,-0.8,0.1,10,7,40,9,12,1,94,3,8,,koufoko01
362,Marquese Chriss,21,2TM,PF,43,2,499,0,0,0,54,46,-18.3,-12.3,11,4,45,11,20,3,56,3,20,,chrisma01
362,Marquese Chriss,21,HOU,PF,16,0,104,0,0,0,24,76,-11.3,-16.8,3,2,7,5,4,1,15,1,4,,chrisma01
362,Marquese Chriss,21,CLE,PF,27,2,395,0,0,0,63,38,-20.2,-11.2,8,2,38,6,16,2,41,2,16,,chrisma01
363,Ian Mahinmi,32,WAS,C,34,6,498,0,0,0,0,100,-3.3,-0.5,8,4,33,6,24,8,58,5,9,,mahinia01
364,Chandler Parsons,30,MEM,SF,25,3,496,0,0,17,79,4,-5.0,-2.8,24,4,19,3,11,3,104,3,7,,parsoch01
365,Corey Brewer,32,2TM,SF,31,3,492,0,5,74,20,0,0.8,0.7,9,4,28,2,19,9,90,2,10,,breweco01
365,Corey Brewer,32,PHI,SF,7,3,140,0,8,55,37,0,1.9,-1.1,4,1,5,0,5,3,25,0,5,,breweco01
365,Corey Brewer,32,SAC,SF,24,0,352,0,4,82,14,0,0.4,1.4,5,3,23,2,14,6,65,2,5,,breweco01
366,Greg Monroe,28,3TM,C,43,2,480,0,0,0,0,100,-6.6,-13.7,9,13,39,6,38,2,54,8,19,,monrogr01
366,Greg Monroe,28,TOR,C,38,2,423,0,0,0,0,100,-9.2,-16.9,8,13,35,6,31,2,38,5,18,,monrogr01
366,Greg Monroe,28,BOS,C,2,0,5,0,0,0,0,100,62.5,57.9,0,0,0,0,0,0,2,0,1,,monrogr01
366,Greg Monroe,28,PHI,C,3,0,52,0,0,0,0,100,8.2,5.3,1,0,4,0,7,0,14,3,0,,monrogr01
367,Raul Neto,26,UTA,PG,37,1,474,100,0,0,0,0,17.5,13.8,22,7,19,3,9,7,231,1,9,,netora01
368,Justin Anderson,25,ATL,SF,48,4,463,0,5,46,48,1,-5.6,0.3,9,6,23,4,17,4,57,4,9,,anderju01
369,Ryan Broekhoff,28,DAL,SG,42,0,453,1,39,57,3,0,5.8,8.5,9,3,18,1,4,7,52,2,5,,broekry01
370,Moritz Wagner,21,LAL,C,43,5,446,0,0,0,41,59,-11.0,-10.3,17,11,26,3,27,3,57,9,17,,wagnemo01
371,Svi Mykhailiuk,21,2TM,SF,42,0,440,1,13,61,24,0,-1.6,0.3,13,5,18,0,6,5,81,1,8,,mykhasv01
371,Svi Mykhailiuk,21,LAL,SF,39,0,420,1,14,62,23,0,-0.1,2.0,13,5,18,0,6,5,73,1,7,,mykhasv01
371,Svi Mykhailiuk,21,DET,SF,3,0,20,0,0,49,51,0,-33.9,-33.7,0,0,0,0,0,0,8,0,1,,mykhasv01
372,Jaron Blossomgame,25,CLE,SF,27,4,439,0,0,35,64,1,-3.8,7.1,5,2,10,0,6,4,34,1,7,,blossja01
373,Frank Mason III,24,SAC,PG,38,0,435,65,35,0,0,0,-14.5,-15.3,22,6,13,4,21,1,196,6,12,,masonfr01
374,Jaylen Adams,22,ATL,PG,34,1,428,97,3,0,0,0,-5.3,0.6,19,7,24,2,3,3,164,1,7,,adamsja01
375,Courtney Lee,33,2TM,SG,34,6,428,3,80,17,0,0,-6.6,-2.2,8,1,12,1,8,6,95,1,5,,leeco01
375,Courtney Lee,33,NYK,SG,12,2,160,0,83,17,0,0,-7.3,2.0,4,1,6,0,5,3,43,1,0,,leeco01
375,Courtney Lee,33,DAL,SG,22,4,268,6,78,16,0,0,-6.1,-4.6,4,0,6,1,3,3,52,0,5,,leeco01
376,Markelle Fultz,20,PHI,SG,19,15,427,14,70,16,1,0,-0.6,-4.0,11,7,27,3,17,1,145,3,17,,fultzma01
377,Grayson Allen,23,UTA,SG,38,2,416,38,57,5,0,0,-11.9,-19.3,12,5,25,5,20,4,58,3,6,,allengr01
378,Kadeem Allen,26,NYK,PG,19,1,416,71,29,1,0,0,-4.3,5.5,13,6,24,3,22,7,187,1,6,,allenka01
379,Donte DiVincenzo,22,MIL,SG,27,0,411,52,44,4,0,0,11.1,2.9,9,6,19,2,4,5,72,2,3,,divindo01
380,Damian Jones,23,GSW,C,24,22,410,0,0,0,0,100,2.5,-4.8,4,2,31,8,18,4,62,5,11,,jonesda03
381,Jon Leuer,29,DET,PF,41,1,402,0,0,0,71,29,-13.4,-14.5,5,6,34,9,16,5,32,7,7,,leuerjo01
382,Salah Mejri,32,DAL,C,36,4,399,0,0,0,0,100,-6.9,-5.8,3,8,36,4,13,10,81,4,8,,mejrisa01
383,Patrick McCaw,23,2TM,SG,29,1,397,1,46,46,7,0,-5.7,-10.1,9,4,19,1,8,3,78,1,3,,mccawpa01
383,Patrick McCaw,23,CLE,SG,3,0,53,0,78,22,0,0,-27.8,-17.9,1,0,0,0,0,1,6,0,1,,mccawpa01
383,Patrick McCaw,23,TOR,SG,26,1,344,2,41,49,9,0,-2.3,-8.9,8,4,19,1,8,2,72,1,2,,mccawpa01
384,Luol Deng,33,MIN,SF,22,2,392,0,5,71,22,3,11.6,14.5,8,5,13,0,14,0,40,5,7,,denglu01
385,MarShon Brooks,30,MEM,SG,29,0,387,1,85,14,0,0,-5.0,-2.7,5,8,12,4,13,4,57,2,8,,brookma01
386,Raymond Felton,34,OKC,PG,33,0,379,63,38,0,0,0,1.6,-1.6,10,3,18,0,5,2,126,0,3,,feltora01
387,Damion Lee,26,GSW,SG,32,0,375,4,66,30,0,0,-5.8,-13.9,5,1,16,3,9,4,32,2,8,,leeda03
388,Johnathan Williams,23,LAL,C,24,0,372,0,0,0,33,67,7.5,10.2,0,7,32,6,22,3,32,6,11,,willijo04
389,Michael Carter-Williams,27,2TM,PG,28,1,372,88,12,0,0,0,0.4,-2.1,12,3,21,1,22,8,174,2,8,,cartemi01
389,Michael Carter-Williams,27,HOU,PG,16,1,145,89,11,0,0,0,-22.8,-28.9,4,2,13,1,13,3,54,2,4,,cartemi01
389,Michael Carter-Williams,27,ORL,PG,12,0,227,88,12,0,0,0,15.2,15.0,8,1,8,0,9,5,120,0,4,,cartemi01
390,Kyle O'Quinn,28,IND,C,45,3,371,0,0,0,5,95,0.2,-3.5,19,3,42,6,8,0,129,1,6,,oquinky01
391,Pau Gasol,38,2TM,C,30,6,360,0,0,0,0,100,-5.0,-8.2,7,7,17,1,13,1,120,0,6,,gasolpa01
391,Pau Gasol,38,SAS,C,27,6,330,0,0,0,0,100,-3.3,-5.9,5,7,17,1,12,1,114,0,6,,gasolpa01
391,Pau Gasol,38,MIL,C,3,0,30,0,0,0,2,98,-24.6,-33.3,2,0,0,0,1,0,6,0,0,,gasolpa01
392,Brad Wanamaker,29,BOS,PG,36,0,343,62,38,0,0,0,10.7,6.6,13,3,14,1,10,1,129,3,2,,wanambr01
393,Channing Frye,35,CLE,C,36,6,341,0,0,0,0,100,-24.9,-16.2,7,2,27,1,5,2,49,1,3,,fryech01
394,Jordan McRae,27,WAS,SG,27,0,333,27,64,9,0,0,-3.5,-0.7,5,5,12,3,18,4,69,6,7,,mcraejo01
395,John Jenkins,27,2TM,SG,26,0,333,21,72,8,0,0,-8.6,0.4,8,0,7,1,8,1,51,1,4,,jenkijo01
395,John Jenkins,27,WAS,SG,4,0,14,0,29,72,0,0,3.2,6.2,0,0,0,0,0,0,3,0,0,,jenkijo01
395,John Jenkins,27,NYK,SG,22,0,319,22,74,5,0,0,-9.1,0.1,8,0,7,1,8,1,48,1,4,,jenkijo01
396,Dillon Brooks,23,MEM,SF,18,0,330,0,15,65,19,0,0.1,2.9,14,1,18,4,13,5,40,2,12,,brookdi01
397,Jarell Martin,24,ORL,PF,42,1,328,0,0,0,83,18,5.1,4.4,4,2,32,4,7,2,43,3,6,,martija01
398,Ryan Anderson,30,2TM,PF,25,8,322,0,0,0,96,4,-11.6,-4.1,6,1,13,2,8,3,45,1,7,,anderry01
398,Ryan Anderson,30,PHO,PF,15,8,278,0,0,0,100,0,-15.5,-6.9,6,0,12,2,7,3,41,1,5,,anderry01
398,Ryan Anderson,30,MIA,PF,10,0,44,0,0,0,74,26,13.2,13.4,0,1,1,0,1,0,4,0,2,,anderry01
399,Ekpe Udoh,31,UTA,C,51,1,320,0,0,0,4,97,-4.3,-10.4,2,6,26,4,11,2,71,2,4,,udohek01
400,Jerome Robinson,21,LAC,SG,33,0,320,3,35,62,0,0,-2.7,-4.0,12,1,18,0,6,4,44,3,9,,robinje01
401,Sindarius Thornwell,24,LAC,SG,64,1,313,0,3,86,11,0,1.6,0.7,11,5,17,0,14,2,43,1,2,,thornsi01
402,Troy Williams,24,SAC,SF,21,0,312,0,12,74,14,0,-9.4,-9.2,3,2,20,0,3,4,26,0,6,,willitr02
403,Alex Poythress,25,ATL,PF,21,1,305,0,0,0,76,24,-9.1,-3.5,3,4,23,4,15,4,45,3,7,,poythal01
404,Carmelo Anthony,34,HOU,PF,10,2,294,0,0,0,81,19,-11.7,-18.1,2,1,11,4,5,5,13,1,4,,anthoca01
405,Quincy Pondexter,30,SAS,SF,53,0,292,6,43,38,12,0,-2.9,-5.5,7,2,11,2,20,0,54,2,6,,pondequ01
406,Robert Williams,21,BOS,C,32,2,283,0,0,0,4,96,-5.0,-10.4,3,4,24,0,6,0,15,1,4,,williro04
407,Michael Beasley,30,LAL,PF,26,2,277,0,0,1,87,12,-6.6,-5.1,14,9,22,2,23,0,56,9,9,,beaslmi01
408,Shake Milton,22,PHI,SG,20,0,268,11,51,36,2,0,-0.6,-3.7,1,2,20,0,2,2,39,1,4,,miltosh01
409,Cameron Reynolds,23,MIN,SG,19,0,259,1,61,39,0,0,-8.3,-7.2,0,1,14,2,2,0,31,1,3,,reynoca01
410,Henry Ellenson,22,2TM,PF,19,0,259,0,0,6,81,13,-3.7,5.0,5,3,16,1,13,2,40,5,5,,ellenhe01
410,Henry Ellenson,22,DET,PF,2,0,25,0,0,0,74,26,-13.9,-13.6,0,0,2,0,1,0,3,0,0,,ellenhe01
410,Henry Ellenson,22,NYK,PF,17,0,234,0,0,7,81,12,-2.6,7.0,5,3,14,1,12,2,37,5,5,,ellenhe01
411,Julian Washburn,27,MEM,SF,18,3,254,0,18,72,10,0,-2.5,0.1,2,2,7,0,1,1,33,0,1,,washbju01
412,Guerschon Yabusele,23,BOS,PF,41,1,251,0,1,6,49,45,-1.8,-7.0,6,1,18,4,8,0,38,2,4,,yabusgu01
413,Christian Wood,23,2TM,PF,21,2,251,0,0,4,64,32,-8.6,-10.0,5,7,12,1,24,1,20,5,5,,woodch01
413,Christian Wood,23,MIL,PF,13,0,62,0,0,16,82,2,-12.7,-21.5,0,0,3,0,6,0,5,1,1,,woodch01
413,Christian Wood,23,NOP,PF,8,2,189,0,0,0,58,42,-7.2,-6.2,5,7,9,1,18,1,15,4,4,,woodch01
414,Deonte Burton,25,OKC,SG,32,0,240,2,38,55,6,0,8.1,5.3,5,3,19,1,7,5,25,3,7,,burtode02
415,Dwight Howard,33,WAS,C,9,9,230,0,0,0,0,100,-10.3,-7.8,5,5,14,4,20,0,8,6,8,,howardw01
416,J.R. Smith,33,CLE,SG,11,4,222,0,41,46,12,0,-3.0,7.5,9,1,7,0,5,1,46,1,0,,smithjr01
417,Isaiah Hartenstein,20,HOU,PF,28,0,221,0,0,0,2,98,8.2,3.3,3,1,22,6,7,1,41,2,6,,harteis01
418,Jalen Jones,25,CLE,SF,16,0,214,0,5,51,45,0,-5.2,5.2,3,3,13,0,13,1,19,1,2,,jonesja04
419,Brandon Sampson,21,CHI,SG,14,2,214,0,46,54,0,0,-9.2,-0.6,5,4,11,2,3,2,26,0,2,,sampsbr01
420,Lorenzo Brown,28,TOR,PG,26,0,212,24,59,17,0,0,-5.8,-12.4,13,2,7,1,2,0,69,1,7,,brownlo01
421,Theo Pinson,23,BRK,SG,18,0,211,4,59,34,3,0,-1.1,-1.0,12,3,6,2,8,0,49,0,4,,pinsoth01
422,Edmond Sumner,23,IND,PG,23,2,210,4,70,26,0,0,-7.7,-11.7,4,1,17,2,12,1,21,3,4,,sumneed01
423,Jacob Evans,21,GSW,SG,30,1,204,19,80,1,0,0,-6.6,-14.1,6,4,18,0,1,0,52,1,3,,evansja02
424,Daniel Hamilton,23,ATL,SG,19,3,204,0,17,81,1,2,-7.3,-1.5,10,3,10,1,3,1,50,0,5,,hamilda02
425,Khyri Thomas,22,DET,SG,26,0,195,11,71,18,0,0,-7.3,-7.4,1,2,12,1,3,0,19,0,4,,thomakh01
426,Deng Adel,21,CLE,SF,19,3,194,0,5,47,47,0,-8.8,1.4,2,3,9,0,2,4,12,0,1,,adelde01
427,Jason Smith,32,3TM,C,20,1,190,0,0,0,17,83,-12.4,-12.2,4,3,17,5,3,2,34,0,2,,smithja02
427,Jason Smith,32,WAS,C,12,1,130,0,0,0,0,100,-5.8,-3.0,2,1,12,3,2,1,29,0,2,,smithja02
427,Jason Smith,32,MIL,PF,6,0,40,0,0,0,83,17,-39.8,-48.8,2,1,4,2,1,1,2,0,0,,smithja02
427,Jason Smith,32,NOP,C,2,0,20,0,0,0,0,100,0.0,1.3,0,1,1,0,0,0,3,0,0,,smithja02
428,John Henson,28,MIL,C,14,0,188,0,0,0,12,89,-1.6,-10.6,6,1,12,1,2,2,32,0,1,,hensojo01
429,Andrew Harrison,24,3TM,PG,17,0,187,90,10,0,0,0,-4.7,3.6,7,0,16,0,8,5,57,2,2,,harrian01
429,Andrew Harrison,24,MEM,PG,1,0,5,100,0,0,0,0,-36.1,-33.6,0,0,0,0,0,0,0,0,0,,harrian01
429,Andrew Harrison,24,CLE,PG,10,0,144,93,8,0,0,0,-2.8,7.6,5,0,13,0,8,3,41,2,2,,harrian01
429,Andrew Harrison,24,NOP,PG,6,0,38,79,21,0,0,0,-8.0,-6.7,2,0,3,0,0,2,16,0,0,,harrian01
430,Isaiah Thomas,29,DEN,SG,12,0,181,18,82,0,0,0,-4.3,-8.4,11,4,6,0,12,1,53,3,8,,thomais02
431,Caleb Swanigan,21,2TM,PF,21,0,178,0,0,0,87,13,-17.3,-21.1,3,5,16,6,5,3,27,1,6,,swanica01
431,Caleb Swanigan,21,POR,PF,18,0,145,0,0,0,97,3,-21.3,-26.2,2,5,13,5,4,1,18,1,6,,swanica01
431,Caleb Swanigan,21,SAC,PF,3,0,33,0,0,0,42,59,0.2,1.2,1,0,3,1,1,2,9,0,0,,swanica01
432,Skal Labissière,22,2TM,PF,22,1,176,0,0,0,53,47,-6.0,-6.9,4,2,17,3,5,1,28,0,3,,labissk01
432,Skal Labissière,22,SAC,PF,13,0,113,0,0,0,30,70,-1.0,-0.1,4,2,12,1,3,1,16,0,2,,labissk01
432,Skal Labissière,22,POR,PF,9,1,63,0,0,0,92,8,-14.9,-19.2,0,0,5,2,2,0,12,0,1,,labissk01
433,Yuta Watanabe,24,MEM,SF,15,0,174,0,0,53,47,1,5.3,8.3,2,2,7,0,3,1,20,0,1,,watanyu01
434,Miles Plumlee,30,ATL,C,18,0,173,0,0,0,5,95,-14.1,-8.6,5,4,9,0,12,1,40,2,3,,plumlmi01
435,Dairis Bertāns,29,NOP,SG,12,0,167,24,65,11,0,0,-15.7,-15.0,1,0,5,0,0,1,23,0,2,,bertada02
436,Walt Lemon Jr.,26,CHI,PG,6,3,167,100,0,0,0,0,-8.3,0.3,9,0,5,1,7,1,72,3,12,,lemonwa01
437,Chris Boucher,26,TOR,PF,28,0,163,0,0,0,36,64,-3.1,-9.3,2,2,24,1,4,0,5,0,7,,bouchch01
438,Duncan Robinson,24,MIA,SF,15,1,161,0,5,77,18,0,-11.2,-11.6,3,1,4,0,3,1,10,1,1,,robindu01
439,Ben McLemore,25,SAC,SG,19,0,158,1,59,41,0,0,-2.6,-1.8,2,1,10,0,5,2,11,0,3,,mclembe01
440,Johnathan Motley,23,LAC,PF,22,0,156,0,0,0,57,43,-7.7,-9.0,4,5,10,4,19,0,24,8,4,,motlejo01
441,Ron Baker,25,2TM,SG,15,0,152,11,59,30,0,0,-6.4,1.1,3,1,6,1,1,4,36,0,1,,bakerro01
441,Ron Baker,25,NYK,SG,11,0,107,16,62,22,0,0,-1.7,7.7,2,0,4,1,1,4,30,0,1,,bakerro01
441,Ron Baker,25,WAS,SG,4,0,45,0,51,49,0,0,-17.4,-14.6,1,1,2,0,0,0,6,0,0,,bakerro01
442,Miloš Teodosić,31,LAC,PG,15,0,150,58,42,0,0,0,7.0,6.2,15,3,7,0,2,3,75,0,2,,teodomi01
443,Ray Spalding,21,2TM,PF,14,3,148,0,0,0,55,45,-6.8,2.3,4,3,17,0,4,2,13,2,3,,spaldra01
443,Ray Spalding,21,DAL,PF,1,0,1,0,0,0,100,0,-200.0,-198.3,0,0,0,0,0,0,0,0,0,,spaldra01
443,Ray Spalding,21,PHO,PF,13,3,147,0,0,0,55,45,-5.5,3.7,4,3,17,0,4,2,13,2,3,,spaldra01
444,Chimezie Metu,21,SAS,PF,29,0,145,0,0,9,58,34,-3.5,-5.9,7,6,2,1,7,0,31,1,3,,metuch01
445,Jemerrio Jones,23,LAL,SF,6,2,143,0,5,88,7,0,9.2,11.4,2,2,5,0,1,1,34,0,4,,jonesje01
446,Anfernee Simons,19,POR,SG,20,1,141,47,51,2,0,0,-17.0,-21.7,3,6,1,0,6,0,30,0,3,,simonan01
447,Andrew Bogut,34,GSW,C,11,5,134,0,0,0,0,100,3.5,-3.4,3,2,11,2,1,3,25,1,1,,bogutan01
448,C.J. Williams,28,MIN,SG,15,0,128,14,71,15,0,0,-17.7,-16.7,2,2,7,0,1,0,27,1,1,,willicj01
449,JaKarr Sampson,25,CHI,SF,4,0,127,0,0,0,98,2,-2.7,6.1,1,1,5,1,10,0,8,1,5,,sampsja02
450,Quincy Acy,28,PHO,PF,10,0,123,0,0,0,33,67,2.7,12.1,1,1,12,1,2,6,21,0,0,,acyqu01
451,Isaac Bonga,19,LAL,PG,22,0,120,24,72,4,0,0,4.7,6.8,4,1,8,0,4,1,34,0,5,,bongais01
452,Rawle Alkins,21,CHI,SG,10,1,120,0,11,85,4,0,-6.1,2.5,1,4,5,0,6,0,31,2,4,,alkinra01
453,Lonnie Walker IV,20,SAS,SG,17,0,118,42,45,14,0,0,-20.5,-23.4,1,2,7,0,4,0,20,0,3,,walkelo01
454,Deyonta Davis,22,ATL,C,9,0,118,0,0,0,28,72,-12.6,-6.9,1,0,7,2,5,0,12,0,0,,davisde01
455,Drew Eubanks,21,SAS,PF,23,0,113,0,0,0,45,55,-10.6,-13.2,2,5,8,1,5,1,14,1,1,,eubandr01
456,Gary Trent Jr.,20,POR,SG,15,1,111,0,80,21,0,0,-1.4,-5.5,1,2,1,1,3,1,11,1,2,,trentga02
457,Jared Terrell,23,MIN,SG,14,0,111,72,29,0,0,0,-12.0,-10.8,8,2,7,0,3,0,31,0,2,,terreja01
458,Zhaire Smith,19,PHI,SG,6,2,111,19,81,0,0,0,7.0,4.2,3,2,5,0,2,0,23,0,3,,smithzh01
459,Jodie Meeks,31,TOR,SG,8,0,104,1,56,42,0,0,6.6,0.7,1,1,3,0,0,0,19,0,2,,meeksjo01
460,Malachi Richardson,23,TOR,SG,22,0,103,0,6,78,16,0,-7.0,-13.2,2,4,4,0,3,1,0,1,2,,richama01
461,James Nunnally,28,2TM,SF,15,0,102,0,13,67,20,0,-12.2,-13.2,1,0,2,0,2,1,17,1,1,,nunnaja01
461,James Nunnally,28,MIN,SF,13,0,64,0,22,75,3,0,-11.3,-9.9,1,0,1,0,2,1,11,1,0,,nunnaja01
461,James Nunnally,28,HOU,SF,2,0,38,0,0,52,48,0,-13.6,-18.9,0,0,1,0,0,0,6,0,1,,nunnaja01
462,Bonzie Colson,23,MIL,SF,8,2,98,0,15,39,46,0,-9.3,-18.3,0,1,2,1,3,0,6,1,3,,colsobo01
463,Devin Robinson,23,WAS,SF,7,0,95,0,22,63,16,0,-3.4,-0.5,1,1,7,0,6,4,15,2,0,,robinde01
464,Tyler Lydon,22,DEN,PF,25,0,94,0,0,16,67,17,-5.7,-9.7,1,0,3,3,1,0,17,0,3,,lydonty01
465,Wade Baldwin,22,POR,PG,16,0,94,98,2,0,0,0,-34.6,-39.4,9,3,4,1,4,1,28,1,5,,baldwwa01
466,Tyler Zeller,29,2TM,C,6,1,93,0,0,0,0,100,5.9,9.1,1,1,9,2,9,1,8,0,1,,zellety01
466,Tyler Zeller,29,ATL,C,2,0,11,0,0,0,0,100,-29.2,-23.3,0,0,2,0,0,1,2,0,0,,zellety01
466,Tyler Zeller,29,MEM,C,4,1,82,0,0,0,0,100,10.7,13.5,1,1,7,2,9,0,6,0,1,,zellety01
467,Daryl Macon,23,DAL,SG,8,0,90,5,75,21,0,0,-4.5,-2.8,4,0,5,1,2,0,17,0,4,,maconda01
468,Naz Mitrou-Long,25,UTA,SG,14,0,84,28,70,2,0,0,-17.0,-22.8,4,3,6,1,1,2,35,0,1,,mitrona01
469,Udonis Haslem,38,MIA,C,10,1,74,0,0,0,6,94,-18.6,-18.8,1,0,7,1,2,3,4,0,1,,hasleud01
470,Jarred Vanderbilt,19,DEN,PF,17,0,69,0,0,68,32,0,6.0,2.3,3,1,4,1,5,0,6,1,3,,vandeja01
471,Amile Jefferson,25,ORL,PF,12,0,68,0,0,6,83,11,11.0,10.1,0,0,3,0,4,0,7,0,1,,jeffeam01
472,Marcus Derrickson,22,GSW,PF,11,0,67,0,0,49,51,0,-5.2,-12.1,2,0,5,1,2,0,3,0,1,,derrima01
473,Malcolm Miller,25,TOR,SF,10,0,67,0,0,60,41,0,-2.5,-8.5,0,1,3,0,2,0,3,0,1,,millema01
474,Jimmer Fredette,29,PHO,SG,6,0,65,32,53,15,0,0,-27.2,-18.5,0,0,3,1,3,0,18,0,1,,fredeji01
475,Jawun Evans,22,2TM,PG,8,0,65,100,0,0,0,0,-38.3,-29.8,5,1,3,0,0,0,22,0,1,,evansja01
475,Jawun Evans,22,PHO,PG,7,0,64,100,0,0,0,0,-38.9,-30.3,5,1,3,0,0,0,22,0,1,,evansja01
475,Jawun Evans,22,OKC,PG,1,0,1,100,0,0,0,0,,,0,0,0,0,0,0,0,0,0,,evansja01
476,Alize Johnson,22,IND,PF,14,0,64,0,0,34,52,15,-1.0,-4.4,0,0,3,0,3,0,2,0,1,,johnsal02
477,Billy Garrett,24,NYK,SG,4,0,63,0,63,37,0,0,-9.7,-0.5,1,0,3,0,2,1,17,0,0,,garrebi01
478,Luc Mbah a Moute,32,LAC,PF,4,0,61,0,0,84,14,2,12.1,11.3,0,0,2,0,3,0,4,1,2,,mbahalu01
479,Brandon Goodwin,23,DEN,PG,16,0,57,100,0,0,0,0,8.4,4.7,2,1,4,0,6,2,36,1,0,,goodwbr01
480,Isaac Humphries,21,ATL,C,5,1,56,0,0,0,37,63,-16.5,-10.8,0,0,5,0,0,0,0,0,4,,humphis01
481,Jordan Loyd,25,TOR,PG,12,0,55,30,60,10,0,0,-15.5,-21.7,0,2,3,0,5,0,16,2,1,,loydjo01
482,PJ Dozier,22,BOS,SG,6,0,51,0,45,56,0,0,22.5,18.0,0,0,1,0,1,1,11,0,0,,doziepj01
483,B.J. Johnson,23,2TM,SF,7,0,49,0,8,92,0,0,-14.1,-8.9,0,1,2,0,1,0,0,0,2,,johnsbj01
483,B.J. Johnson,23,ATL,SF,6,0,43,0,9,91,0,0,-13.8,-8.0,0,1,1,0,1,0,0,0,2,,johnsbj01
483,B.J. Johnson,23,SAC,SF,1,0,6,0,0,100,0,0,-16.7,-15.8,0,0,1,0,0,0,0,0,0,,johnsbj01
484,Mitch Creek,26,2TM,SF,5,0,48,0,4,83,14,0,0.7,1.2,1,0,1,0,2,0,14,1,2,,creekmi01
484,Mitch Creek,26,BRK,SF,4,0,36,0,5,95,0,0,3.9,4.1,0,0,1,0,2,0,12,1,1,,creekmi01
484,Mitch Creek,26,MIN,SF,1,0,12,0,0,45,55,0,-8.9,-7.4,1,0,0,0,0,0,2,0,1,,creekmi01
485,Davon Reed,23,IND,SG,10,0,47,0,34,67,0,0,17.5,14.3,1,0,3,0,0,0,8,0,0,,reedda01
486,Melvin Frazier,22,ORL,SG,10,0,44,0,30,70,0,0,-6.3,-7.4,0,0,3,0,1,2,3,0,0,,frazime01
487,Eric Moreland,27,2TM,PF,5,0,43,0,0,0,9,91,-14.1,-18.5,4,0,7,0,0,0,10,0,1,,moreler01
487,Eric Moreland,27,PHO,PF,1,0,5,0,0,0,76,24,33.3,42.4,0,0,1,0,0,0,0,0,0,,moreler01
487,Eric Moreland,27,TOR,PF,4,0,38,0,0,0,0,100,-20.4,-26.5,4,0,6,0,0,0,10,0,1,,moreler01
488,Haywood Highsmith,22,PHI,SF,5,0,40,0,0,59,41,0,-28.7,-31.9,0,1,0,0,1,0,4,0,1,,highsha01
489,Tyler Cavanaugh,24,UTA,PF,11,0,39,0,0,0,98,2,-41.4,-47.2,0,1,2,0,1,0,2,0,0,,cavanty01
490,Džanan Musa,19,BRK,SG,9,0,39,0,36,41,23,0,7.4,7.6,2,1,0,1,1,0,5,0,1,,musadz01
491,Demetrius Jackson,24,PHI,PG,6,0,39,100,0,0,0,0,-12.8,-15.9,0,0,2,0,0,0,14,0,1,,jacksde01
492,Nick Young,33,DEN,SG,4,0,37,0,11,75,14,0,-6.6,-10.4,1,0,2,0,0,0,5,0,0,,youngni01
493,Thomas Welsh,22,DEN,C,11,0,36,0,0,0,0,100,6.5,2.8,0,1,2,0,1,1,11,0,0,,welshth01
494,Tony Bradley,21,UTA,C,3,0,36,0,0,0,0,100,-22.2,-27.8,0,0,4,2,1,0,3,0,0,,bradlto01
495,Chris Chiozza,23,HOU,PG,7,0,33,100,0,0,0,0,-17.9,-23.1,1,0,1,0,0,0,10,0,1,,chiozch01
496,Isaiah Hicks,24,NYK,PF,3,0,32,0,0,0,89,12,-6.3,2.9,1,0,3,0,2,1,5,1,0,,hicksis01
497,Jaylen Morris,23,MIL,SG,4,0,29,2,98,0,0,0,21.5,13.1,0,1,1,0,1,0,10,0,1,,morrija01
498,Alan Williams,26,BRK,PF,5,0,26,0,0,0,34,66,22.7,23.0,1,0,1,0,0,0,8,0,0,,willial03
499,Dusty Hannahs,25,MEM,SG,2,0,26,0,93,7,0,0,-19.9,-17.4,0,0,0,1,1,0,11,0,1,,hannadu01
500,R.J. Hunter,25,BOS,SG,1,0,26,0,100,0,0,0,56.5,52.1,0,0,2,0,0,0,8,0,1,,hunterj01
501,Emanuel Terry,22,2TM,PF,3,0,23,0,0,0,13,87,10.7,18.7,0,1,3,1,2,0,5,0,1,,terryem01
501,Emanuel Terry,22,PHO,PF,2,0,20,0,0,0,0,100,9.3,18.5,0,1,3,1,1,0,2,0,0,,terryem01
501,Emanuel Terry,22,MIA,PF,1,0,3,0,0,0,100,0,20.0,20.1,0,0,0,0,1,0,3,0,1,,terryem01
502,DeVaughn Akoon-Purcell,25,DEN,SG,7,0,22,0,73,27,0,0,7.2,3.5,0,1,1,1,1,0,14,0,1,,akoonde01
503,Justin Patton,21,PHI,C,3,0,21,0,0,0,0,100,-9.5,-12.5,0,0,3,0,1,0,7,0,0,,pattoju01
504,Scott Machado,28,LAL,PG,4,0,19,100,0,0,0,0,-3.1,-1.2,0,0,2,0,1,0,6,1,0,,machasc01
505,J.P. Macura,23,CHO,SG,2,0,17,27,56,18,0,0,5.5,6.9,0,0,0,0,0,1,4,0,1,,macurjp01
506,Troy Caupain,23,ORL,PG,4,0,16,0,89,11,0,0,23.0,22.0,0,0,0,0,0,0,9,0,0,,caupatr01
507,Gary Payton II,26,WAS,PG,3,0,16,82,18,0,0,0,24.3,27.4,0,0,0,0,0,0,10,0,0,,paytoga02
508,Vince Edwards,22,HOU,SF,2,0,16,0,0,100,0,0,-6.3,-11.3,0,0,0,0,0,0,0,0,0,,edwarvi01
509,Andre Ingram,33,LAL,SG,4,0,15,0,81,19,0,0,13.1,15.0,1,0,0,0,0,0,0,0,0,,ingraan01
510,Ángel Delgado,24,LAC,C,2,0,15,0,0,0,0,100,12.4,11.4,0,0,1,0,1,0,0,0,2,,delgaan01
511,Donatas Motiejūnas,28,SAS,PF,3,0,13,0,0,0,4,96,-61.5,-63.9,0,0,4,2,0,0,2,0,1,,motiedo01
512,Yante Maten,22,MIA,PF,2,0,13,0,0,0,100,0,8.0,8.2,0,0,0,0,0,0,0,0,0,,matenya01
513,Kostas Antetokounmpo,21,DAL,PF,2,0,11,0,0,0,0,100,18.6,20.4,0,1,0,0,1,0,0,0,1,,antetko01
514,Joe Chealey,23,CHO,PG,1,0,8,63,37,0,0,0,-20.0,-18.7,0,0,0,0,0,0,3,0,1,,chealjo01
515,Tahjere McCall,24,BRK,SG,1,0,8,0,100,0,0,0,78.9,79.3,0,0,0,0,1,2,0,1,0,,mccalta01
516,D.J. Stephens,28,MEM,SG,1,0,7,0,100,0,0,0,-18.8,-16.2,1,0,0,0,0,0,0,0,1,,stephdj01
517,Ike Anigbogu,20,IND,C,3,0,6,0,0,0,0,100,-23.7,-27.1,0,0,0,0,0,0,2,0,0,,anigbik01
518,Trevon Duval,20,MIL,PG,3,0,6,100,0,0,0,0,18.2,9.7,0,0,0,0,0,0,5,0,0,,duvaltr01
519,Okaro White,26,WAS,PF,3,0,6,0,0,51,49,0,-23.1,-20.2,0,0,0,0,0,0,0,0,0,,whiteok01
520,George King,25,PHO,SF,1,0,6,0,43,57,0,0,-65.9,-57.0,0,0,0,0,0,0,0,0,0,,kingge03
521,Kalin Lucas,29,DET,PG,1,0,6,100,0,0,0,0,-27.3,-27.0,0,0,1,0,1,0,2,0,0,,lucaska01
522,Terrence Jones,27,HOU,PF,2,0,5,0,0,0,0,100,-92.3,-97.5,1,0,1,0,1,0,0,1,0,,joneste01
523,Zach Lofton,26,DET,SG,1,0,4,0,0,100,0,0,14.3,14.6,1,0,0,0,0,0,0,0,0,,loftoza01
524,Jordan Sibert,26,ATL,SG,1,0,4,100,0,0,0,0,-55.6,-49.7,0,0,0,0,0,0,0,0,0,,siberjo01
525,Donte Grantham,23,OKC,SF,3,0,2,0,0,0,35,65,-50.0,-53.1,0,0,0,0,0,0,0,0,0,,grantdo01
526,Kobi Simmons,21,CLE,PG,1,0,2,0,100,0,0,0,66.7,76.8,0,0,0,0,0,0,0,0,0,,simmoko01
527,Tyler Davis,21,OKC,C,1,0,1,0,0,0,0,100,0.0,-3.1,0,0,0,0,0,0,0,0,0,,davisty01
528,John Holland,30,CLE,SF,1,0,1,0,0,100,0,0,100.0,110.1,0,0,0,0,0,0,0,0,0,,hollajo02
529,Zhou Qi,23,HOU,PF,1,0,1,0,0,0,0,100,-33.3,-38.4,0,0,0,0,0,0,0,0,0,,qizh01
530,Tyler Ulis,23,CHI,PG,1,0,1,100,0,0,0,0,0.0,8.6,0,0,0,0,0,0,0,0,0,,ulisty01